rsi_thresh,sl_atr_mult,tp_mode,leverage,pos_ratio,use_ema200,trades,win_rate,return_pct,max_drawdown,calmar,timeframe
45,2.0,atr_2x,7,0.3,True,56,55.4,85.5,38.11,2.24,4h
45,2.0,atr_2x,5,0.3,True,56,55.4,62.81,28.63,2.19,4h
45,2.0,atr_2x,7,0.2,True,56,55.4,58.74,26.95,2.18,4h
45,2.0,atr_3x,7,0.3,True,51,45.1,51.13,39.34,1.3,4h
45,2.0,atr_3x,5,0.3,True,51,45.1,43.45,29.63,1.47,4h
45,2.0,atr_2x,5,0.2,True,56,55.4,41.99,19.91,2.11,4h
45,2.0,atr_3x,7,0.2,True,51,45.1,41.5,27.9,1.49,4h
45,2.0,atr_2x,3,0.3,True,56,55.4,37.74,18.07,2.09,4h
45,2.0,atr_3x,5,0.2,True,51,45.1,32.02,20.64,1.55,4h
45,2.0,atr_3x,3,0.3,True,51,45.1,29.28,18.74,1.56,4h
45,2.0,atr_2x,7,0.1,True,56,55.4,29.21,14.29,2.04,4h
45,2.0,atr_2x,3,0.2,True,56,55.4,24.95,12.36,2.02,4h
40,2.0,atr_2x,7,0.3,True,44,52.3,23.43,45.89,0.51,4h
45,2.0,atr_3x,7,0.1,True,51,45.1,23.41,14.84,1.58,4h
45,2.0,atr_2x,5,0.1,True,56,55.4,20.71,10.38,1.99,4h
40,2.0,atr_2x,5,0.3,True,44,52.3,20.64,35.13,0.59,4h
45,2.0,atr_3x,3,0.2,True,51,45.1,20.31,12.83,1.58,4h
40,2.0,atr_2x,7,0.2,True,44,52.3,19.83,33.17,0.6,4h
45,2.0,atr_3x,5,0.1,True,51,45.1,17.11,10.79,1.59,4h
40,2.0,atr_2x,5,0.2,True,44,52.3,15.7,24.82,0.63,4h
40,2.0,atr_3x,5,0.3,True,41,43.9,15.13,35.13,0.43,4h
40,2.0,atr_3x,7,0.2,True,41,43.9,15.0,33.17,0.45,4h
40,2.0,atr_2x,3,0.3,True,44,52.3,14.45,22.6,0.64,4h
40,2.0,atr_3x,5,0.2,True,41,43.9,13.16,24.82,0.53,4h
40,2.0,atr_3x,7,0.3,True,41,43.9,13.15,45.89,0.29,4h
40,2.0,atr_3x,3,0.3,True,41,43.9,12.38,22.6,0.55,4h
45,2.0,atr_2x,3,0.1,True,56,55.4,12.31,6.34,1.94,4h
40,2.0,atr_2x,7,0.1,True,44,52.3,11.72,17.99,0.65,4h
45,2.0,atr_3x,5,0.1,False,207,43.5,10.59,20.35,0.52,4h
45,2.0,atr_3x,3,0.2,False,207,43.5,10.56,24.02,0.44,4h
45,2.0,atr_3x,3,0.1,True,51,45.1,10.45,6.59,1.59,4h
40,2.0,atr_3x,7,0.1,True,41,43.9,10.43,17.99,0.58,4h
40,2.0,atr_2x,3,0.2,True,44,52.3,10.24,15.6,0.66,4h
45,2.0,atr_3x,7,0.1,False,207,43.5,9.8,27.58,0.36,4h
40,2.0,atr_3x,3,0.2,True,41,43.9,9.28,15.6,0.59,4h
45,1.5,atr_2x,7,0.2,True,58,43.1,9.01,27.4,0.33,4h
45,1.5,atr_2x,5,0.3,True,58,43.1,8.99,29.13,0.31,4h
40,2.0,atr_2x,5,0.1,True,44,52.3,8.69,13.16,0.66,4h
45,2.0,atr_3x,3,0.1,False,207,43.5,8.42,12.62,0.67,4h
45,1.5,atr_2x,5,0.2,True,58,43.1,8.16,20.16,0.4,4h
40,2.0,atr_3x,5,0.1,True,41,43.9,8.0,13.16,0.61,4h
45,1.5,atr_2x,3,0.3,True,58,43.1,7.73,18.28,0.42,4h
45,1.5,atr_2x,7,0.3,True,58,43.1,7.04,38.93,0.18,4h
45,1.5,atr_2x,7,0.1,True,58,43.1,6.59,14.43,0.46,4h
45,2.0,atr_3x,3,0.3,False,207,43.5,6.15,34.47,0.18,4h
45,1.5,atr_2x,3,0.2,True,58,43.1,5.9,12.46,0.47,4h
40,2.0,atr_3x,5,0.1,False,186,43.0,5.59,20.94,0.27,4h
40,2.0,atr_2x,3,0.1,True,44,52.3,5.39,8.08,0.67,4h
40,2.0,atr_3x,3,0.1,False,186,43.0,5.28,13.02,0.41,4h
45,1.5,atr_2x,5,0.1,True,58,43.1,5.12,10.45,0.49,4h
40,2.0,atr_3x,3,0.1,True,41,43.9,5.11,8.08,0.63,4h
40,2.0,atr_3x,3,0.2,False,186,43.0,4.77,24.68,0.19,4h
45,2.0,atr_3x,5,0.2,False,207,43.5,3.33,37.74,0.09,4h
40,2.0,atr_3x,7,0.1,False,186,43.0,3.31,28.78,0.11,4h
45,1.5,atr_2x,3,0.1,True,58,43.1,3.3,6.36,0.52,4h
45,1.5,atr_3x,7,0.1,True,53,34.0,3.19,13.39,0.24,4h
45,1.5,atr_3x,3,0.2,True,53,34.0,3.11,11.5,0.27,4h
45,1.5,atr_3x,3,0.3,True,53,34.0,2.98,17.13,0.17,4h
45,1.5,atr_3x,5,0.1,True,53,34.0,2.9,9.6,0.3,4h
45,1.5,atr_3x,5,0.2,True,53,34.0,2.69,18.98,0.14,4h
30,2.0,atr_3x,7,0.2,True,8,50.0,2.15,17.48,0.12,4h
30,2.0,atr_3x,5,0.3,True,8,50.0,2.12,18.65,0.11,4h
45,1.5,atr_3x,3,0.1,True,53,34.0,2.11,5.78,0.37,4h
30,2.0,atr_3x,5,0.2,True,8,50.0,2.0,12.7,0.16,4h
30,2.0,atr_3x,3,0.1,False,111,42.3,1.98,12.41,0.16,4h
30,2.0,atr_3x,3,0.3,True,8,50.0,1.91,11.48,0.17,4h
30,2.0,atr_3x,7,0.1,True,8,50.0,1.65,9.0,0.18,4h
30,2.0,atr_3x,7,0.3,True,8,50.0,1.51,25.45,0.06,4h
30,2.0,atr_3x,3,0.2,True,8,50.0,1.48,7.75,0.19,4h
30,2.0,atr_3x,5,0.1,True,8,50.0,1.29,6.48,0.2,4h
30,2.0,atr_3x,5,0.1,False,111,42.3,1.22,19.98,0.06,4h
30,2.0,atr_3x,3,0.1,True,8,50.0,0.85,3.92,0.22,4h
45,1.5,atr_3x,7,0.2,True,53,34.0,0.37,26.23,0.01,4h
30,2.0,atr_3x,3,0.2,False,111,42.3,0.23,23.57,0.01,4h
35,2.0,atr_2x,3,0.1,True,24,50.0,-0.4,6.31,-0.06,4h
35,1.0,atr_2x,3,0.1,True,30,33.3,-0.4,5.34,-0.07,4h
30,2.0,atr_2x,3,0.1,True,8,50.0,-0.43,3.11,-0.14,4h
45,1.5,atr_3x,5,0.3,True,53,34.0,-0.49,28.0,-0.02,4h
45,2.0,bb_mid,3,0.1,True,59,66.1,-0.6,5.51,-0.11,4h
30,2.0,atr_2x,5,0.1,True,8,50.0,-0.8,5.17,-0.15,4h
35,1.0,atr_2x,5,0.1,True,30,33.3,-0.83,8.81,-0.09,4h
35,2.0,atr_2x,5,0.1,True,24,50.0,-0.92,10.34,-0.09,4h
30,2.0,atr_2x,3,0.2,True,8,50.0,-1.0,6.2,-0.16,4h
45,1.0,atr_2x,3,0.1,True,65,32.3,-1.09,5.01,-0.22,4h
35,1.0,atr_2x,3,0.2,True,30,33.3,-1.1,10.52,-0.1,4h
30,2.0,atr_3x,7,0.1,False,111,42.3,-1.15,27.03,-0.04,4h
30,2.0,atr_2x,7,0.1,True,8,50.0,-1.23,7.22,-0.17,4h
35,2.0,atr_2x,3,0.2,True,24,50.0,-1.25,12.3,-0.1,4h
45,2.0,bb_mid,5,0.1,True,59,66.1,-1.27,9.15,-0.14,4h
30,2.0,bb_mid,3,0.1,True,8,62.5,-1.35,1.81,-0.75,4h
40,2.0,atr_3x,3,0.3,False,186,43.0,-1.38,37.24,-0.04,4h
35,1.0,atr_3x,3,0.1,True,29,24.1,-1.38,5.63,-0.25,4h
35,1.0,atr_2x,7,0.1,True,30,33.3,-1.4,12.21,-0.11,4h
45,1.0,atr_3x,3,0.1,True,62,24.2,-1.54,5.47,-0.28,4h
35,2.0,atr_2x,7,0.1,True,24,50.0,-1.63,14.23,-0.11,4h
30,1.0,atr_2x,3,0.1,True,10,30.0,-1.63,2.29,-0.71,4h
45,2.0,bb_mid,3,0.2,True,59,66.1,-1.68,10.96,-0.15,4h
30,2.0,atr_2x,3,0.3,True,8,50.0,-1.73,9.25,-0.19,4h
35,1.5,atr_2x,3,0.1,True,27,40.7,-1.88,7.9,-0.24,4h
30,2.0,atr_2x,5,0.2,True,8,50.0,-2.0,10.26,-0.19,4h
35,1.0,atr_2x,3,0.3,True,30,33.3,-2.1,15.53,-0.14,4h
45,2.0,bb_mid,7,0.1,True,59,66.1,-2.14,12.76,-0.17,4h
45,1.0,atr_2x,5,0.1,True,65,32.3,-2.14,8.41,-0.25,4h
40,2.0,bb_mid,3,0.1,True,47,63.8,-2.26,7.19,-0.31,4h
30,2.0,bb_mid,5,0.1,True,8,62.5,-2.29,3.05,-0.75,4h
30,1.0,bb_mid,3,0.1,True,10,30.0,-2.36,2.92,-0.81,4h
45,2.0,atr_2x,3,0.1,False,221,48.9,-2.4,15.2,-0.16,4h
35,1.0,atr_2x,5,0.2,True,30,33.3,-2.49,17.16,-0.15,4h
35,2.0,atr_2x,3,0.3,True,24,50.0,-2.53,17.99,-0.14,4h
35,1.0,atr_3x,5,0.1,True,29,24.1,-2.54,9.34,-0.27,4h
35,1.0,bb_mid,3,0.1,True,32,40.6,-2.61,4.61,-0.57,4h
30,1.0,atr_2x,5,0.1,True,10,30.0,-2.74,3.8,-0.72,4h
45,1.0,atr_2x,3,0.2,True,65,32.3,-2.75,10.13,-0.27,4h
30,2.0,bb_mid,3,0.2,True,8,62.5,-2.77,3.68,-0.75,4h
45,1.0,atr_3x,5,0.1,True,62,24.2,-3.01,9.01,-0.33,4h
35,2.0,atr_2x,5,0.2,True,24,50.0,-3.05,19.81,-0.15,4h
35,1.0,atr_3x,3,0.2,True,29,24.1,-3.18,11.18,-0.28,4h
45,2.0,bb_mid,3,0.3,True,59,66.1,-3.22,16.33,-0.2,4h
30,2.0,atr_2x,7,0.2,True,8,50.0,-3.25,14.27,-0.23,4h
30,2.0,bb_mid,7,0.1,True,8,62.5,-3.26,4.31,-0.76,4h
30,1.0,atr_2x,3,0.2,True,10,30.0,-3.31,4.56,-0.73,4h
35,1.5,atr_2x,5,0.1,True,27,40.7,-3.34,12.93,-0.26,4h
45,1.0,atr_2x,7,0.1,True,65,32.3,-3.42,11.85,-0.29,4h
30,2.0,atr_2x,5,0.3,True,8,50.0,-3.61,15.26,-0.24,4h
45,2.0,bb_mid,5,0.2,True,59,66.1,-3.83,18.1,-0.21,4h
45,1.0,atr_3x,3,0.2,True,62,24.2,-3.87,10.75,-0.36,4h
35,1.0,atr_3x,7,0.1,True,29,24.1,-3.87,13.01,-0.3,4h
30,1.0,atr_2x,7,0.1,True,10,30.0,-3.88,5.33,-0.73,4h
30,1.0,bb_mid,5,0.1,True,10,30.0,-3.93,4.85,-0.81,4h
40,2.0,bb_mid,5,0.1,True,47,63.8,-3.97,11.83,-0.34,4h
35,1.5,atr_2x,3,0.2,True,27,40.7,-4.12,15.37,-0.27,4h
40,1.0,atr_2x,3,0.1,True,52,28.8,-4.22,9.14,-0.46,4h
30,2.0,bb_mid,3,0.3,True,8,62.5,-4.26,5.59,-0.76,4h
40,1.0,atr_3x,3,0.1,True,50,22.0,-4.33,9.44,-0.46,4h
35,1.0,atr_2x,7,0.2,True,30,33.3,-4.38,23.48,-0.19,4h
35,1.0,bb_mid,5,0.1,True,32,40.6,-4.43,7.62,-0.58,4h
40,2.0,atr_3x,5,0.2,False,186,43.0,-4.51,41.36,-0.11,4h
30,1.0,atr_3x,3,0.1,True,10,10.0,-4.66,4.66,-1.0,4h
30,1.0,bb_mid,3,0.2,True,10,30.0,-4.73,5.81,-0.81,4h
30,2.0,bb_mid,5,0.2,True,8,62.5,-4.77,6.24,-0.76,4h
45,1.0,atr_3x,7,0.1,True,62,24.2,-4.81,12.46,-0.39,4h
40,2.0,bb_mid,3,0.2,True,47,63.8,-4.89,14.11,-0.35,4h
35,1.0,atr_2x,5,0.3,True,30,33.3,-4.92,25.01,-0.2,4h
35,1.5,atr_2x,7,0.1,True,27,40.7,-4.94,17.77,-0.28,4h
45,1.0,atr_2x,3,0.3,True,65,32.3,-4.94,15.31,-0.32,4h
30,2.0,atr_3x,3,0.3,False,111,42.3,-5.0,33.58,-0.15,4h
45,1.0,bb_mid,3,0.1,True,68,42.6,-5.04,8.11,-0.62,4h
40,1.0,bb_mid,3,0.1,True,54,40.7,-5.04,8.88,-0.57,4h
30,1.0,atr_2x,3,0.3,True,10,30.0,-5.05,6.85,-0.74,4h
35,1.0,atr_3x,3,0.3,True,29,24.1,-5.36,16.62,-0.32,4h
35,1.0,bb_mid,3,0.2,True,32,40.6,-5.36,9.11,-0.59,4h
30,1.5,atr_2x,3,0.1,True,9,22.2,-5.41,5.41,-1.0,4h
40,1.5,atr_2x,3,0.1,True,48,35.4,-5.44,10.95,-0.5,4h
30,1.0,bb_mid,7,0.1,True,10,30.0,-5.52,6.76,-0.82,4h
35,2.0,atr_2x,7,0.2,True,24,50.0,-5.59,26.8,-0.21,4h
30,1.0,atr_2x,5,0.2,True,10,30.0,-5.63,7.62,-0.74,4h
45,1.5,bb_mid,3,0.1,True,61,54.1,-5.68,8.35,-0.68,4h
45,1.0,atr_2x,5,0.2,True,65,32.3,-5.78,17.05,-0.34,4h
40,2.0,bb_mid,7,0.1,True,47,63.8,-5.85,16.35,-0.36,4h
30,1.5,bb_mid,3,0.1,True,9,22.2,-6.03,6.03,-1.0,4h
30,2.0,atr_2x,7,0.3,True,8,50.0,-6.04,21.12,-0.29,4h
35,1.5,atr_3x,3,0.1,True,26,26.9,-6.09,9.51,-0.64,4h
35,1.0,atr_3x,5,0.2,True,29,24.1,-6.17,18.41,-0.33,4h
35,1.5,bb_mid,3,0.1,True,29,44.8,-6.26,9.46,-0.66,4h
35,2.0,atr_3x,3,0.1,True,23,34.8,-6.29,10.57,-0.59,4h
35,1.0,bb_mid,7,0.1,True,32,40.6,-6.3,10.58,-0.6,4h
35,2.0,atr_2x,5,0.3,True,24,50.0,-6.33,28.47,-0.22,4h
45,1.0,atr_3x,3,0.1,False,254,26.4,-6.5,25.38,-0.26,4h
35,2.0,bb_mid,3,0.1,True,26,53.8,-6.57,8.31,-0.79,4h
45,2.0,atr_2x,5,0.1,False,221,48.9,-6.59,25.03,-0.26,4h
30,1.5,atr_3x,3,0.1,True,9,11.1,-6.66,6.66,-1.0,4h
35,1.5,atr_2x,3,0.3,True,27,40.7,-6.67,22.43,-0.3,4h
45,2.0,bb_mid,7,0.2,True,59,66.1,-6.77,25.05,-0.27,4h
30,2.0,bb_mid,7,0.2,True,8,62.5,-6.87,8.87,-0.77,4h
45,1.0,atr_3x,3,0.3,True,62,24.2,-6.91,15.83,-0.44,4h
30,2.0,atr_2x,3,0.1,False,113,45.1,-6.96,14.78,-0.47,4h
30,1.0,bb_mid,3,0.3,True,10,30.0,-7.1,8.65,-0.82,4h
40,1.0,atr_2x,5,0.1,True,52,28.8,-7.18,14.8,-0.49,4h
30,2.0,bb_mid,5,0.3,True,8,62.5,-7.41,9.54,-0.78,4h
30,2.0,atr_3x,5,0.2,False,111,42.3,-7.42,36.68,-0.2,4h
40,1.0,atr_3x,5,0.1,True,50,22.0,-7.45,15.28,-0.49,4h
40,2.0,atr_2x,3,0.1,False,197,47.7,-7.52,17.74,-0.42,4h
35,1.5,atr_2x,5,0.2,True,27,40.7,-7.59,24.69,-0.31,4h
45,2.0,bb_mid,5,0.3,True,59,66.1,-7.62,26.75,-0.28,4h
30,1.0,atr_3x,5,0.1,True,10,10.0,-7.69,7.69,-1.0,4h
45,1.5,atr_3x,7,0.3,True,53,34.0,-7.71,38.18,-0.2,4h
40,1.5,atr_3x,3,0.1,True,45,26.7,-7.75,13.33,-0.58,4h
40,2.0,bb_mid,3,0.3,True,47,63.8,-7.88,20.74,-0.38,4h
30,1.0,bb_mid,5,0.2,True,10,30.0,-7.9,9.59,-0.82,4h
30,1.0,atr_2x,7,0.2,True,10,30.0,-8.04,10.68,-0.75,4h
45,1.0,atr_3x,5,0.2,True,62,24.2,-8.07,17.47,-0.46,4h
35,1.0,bb_mid,3,0.3,True,32,40.6,-8.23,13.49,-0.61,4h
40,1.0,bb_mid,5,0.1,True,54,40.7,-8.42,14.49,-0.58,4h
45,1.5,atr_2x,3,0.1,False,242,41.7,-8.42,23.08,-0.36,4h
45,1.0,bb_mid,5,0.1,True,68,42.6,-8.43,13.27,-0.64,4h
30,1.0,atr_2x,5,0.3,True,10,30.0,-8.66,11.44,-0.76,4h
40,1.0,atr_2x,3,0.2,True,52,28.8,-8.7,17.51,-0.5,4h
35,1.0,atr_2x,7,0.3,True,30,33.3,-8.74,33.79,-0.26,4h
40,1.0,atr_2x,3,0.1,False,243,32.1,-8.81,19.19,-0.46,4h
40,1.5,bb_mid,3,0.1,True,50,48.0,-8.89,13.06,-0.68,4h
30,1.5,atr_2x,5,0.1,True,9,22.2,-8.91,8.91,-1.0,4h
40,2.0,bb_mid,5,0.2,True,47,63.8,-8.94,22.89,-0.39,4h
40,1.0,atr_3x,3,0.2,True,50,22.0,-9.07,18.08,-0.5,4h
30,1.0,atr_3x,3,0.2,True,10,10.0,-9.18,9.18,-1.0,4h
35,1.0,bb_mid,5,0.2,True,32,40.6,-9.21,14.92,-0.62,4h
40,1.5,atr_2x,5,0.1,True,48,35.4,-9.22,17.74,-0.52,4h
45,2.0,atr_2x,3,0.2,False,221,48.9,-9.38,29.79,-0.31,4h
45,1.5,bb_mid,5,0.1,True,61,54.1,-9.49,13.66,-0.69,4h
45,1.0,atr_2x,3,0.1,False,267,32.2,-9.51,22.78,-0.42,4h
45,1.0,atr_2x,7,0.2,True,65,32.3,-9.64,23.97,-0.4,4h
35,1.0,atr_3x,7,0.2,True,29,24.1,-9.73,25.4,-0.38,4h
30,1.5,bb_mid,5,0.1,True,9,22.2,-9.91,9.91,-1.0,4h
40,1.0,bb_mid,3,0.2,True,54,40.7,-10.11,17.19,-0.59,4h
45,1.0,bb_mid,3,0.2,True,68,42.6,-10.14,15.78,-0.64,4h
35,1.5,atr_3x,5,0.1,True,26,26.9,-10.21,15.51,-0.66,4h
40,1.0,atr_2x,7,0.1,True,52,28.8,-10.23,20.13,-0.51,4h
35,1.5,bb_mid,5,0.1,True,29,44.8,-10.35,15.36,-0.67,4h
35,2.0,atr_3x,5,0.1,True,23,34.8,-10.56,17.06,-0.62,4h
30,1.5,atr_2x,3,0.2,True,9,22.2,-10.63,10.63,-1.0,4h
30,1.0,atr_3x,7,0.1,True,10,10.0,-10.65,10.65,-1.0,4h
35,1.0,atr_3x,5,0.3,True,29,24.1,-10.7,27.1,-0.39,4h
45,1.0,atr_2x,5,0.3,True,65,32.3,-10.72,25.69,-0.42,4h
40,1.0,atr_3x,7,0.1,True,50,22.0,-10.72,20.79,-0.52,4h
30,2.0,bb_mid,7,0.3,True,8,62.5,-10.81,13.65,-0.79,4h
35,2.0,bb_mid,5,0.1,True,26,53.8,-10.85,13.58,-0.8,4h
30,1.5,atr_3x,5,0.1,True,9,11.1,-10.91,10.91,-1.0,4h
35,1.0,atr_2x,3,0.1,False,194,31.4,-10.97,18.52,-0.59,4h
30,1.0,bb_mid,7,0.2,True,10,30.0,-11.08,13.31,-0.83,4h
40,1.5,atr_2x,3,0.2,True,48,35.4,-11.15,20.98,-0.53,4h
40,1.0,atr_3x,3,0.1,False,232,25.9,-11.17,23.78,-0.47,4h
30,1.0,atr_2x,3,0.1,False,132,30.3,-11.33,18.04,-0.63,4h
45,1.5,bb_mid,3,0.2,True,61,54.1,-11.4,16.24,-0.7,4h
35,1.5,atr_2x,7,0.2,True,27,40.7,-11.56,33.27,-0.35,4h
35,2.0,atr_2x,7,0.3,True,24,50.0,-11.61,37.87,-0.31,4h
30,1.5,bb_mid,3,0.2,True,9,22.2,-11.8,11.8,-1.0,4h
40,1.0,bb_mid,7,0.1,True,54,40.7,-11.8,19.83,-0.6,4h
45,1.0,bb_mid,7,0.1,True,68,42.6,-11.85,18.24,-0.65,4h
30,1.0,bb_mid,5,0.3,True,10,30.0,-11.88,14.22,-0.84,4h
35,1.5,atr_3x,3,0.2,True,26,26.9,-12.28,18.41,-0.67,4h
30,1.5,atr_2x,7,0.1,True,9,22.2,-12.33,12.33,-1.0,4h
35,1.5,bb_mid,3,0.2,True,29,44.8,-12.37,18.19,-0.68,4h
30,1.0,atr_2x,7,0.3,True,10,30.0,-12.43,16.02,-0.78,4h
45,1.0,atr_3x,5,0.1,False,254,26.4,-12.47,38.82,-0.32,4h
45,2.0,atr_2x,7,0.1,False,221,48.9,-12.57,34.43,-0.37,4h
35,1.5,atr_2x,5,0.3,True,27,40.7,-12.63,35.3,-0.36,4h
35,2.0,atr_3x,3,0.2,True,23,34.8,-12.72,20.15,-0.63,4h
30,2.0,atr_2x,5,0.1,False,113,45.1,-12.82,24.57,-0.52,4h
35,2.0,bb_mid,3,0.2,True,26,53.8,-12.97,16.14,-0.8,4h
30,1.5,atr_3x,3,0.2,True,9,11.1,-12.99,12.99,-1.0,4h
40,1.5,atr_3x,5,0.1,True,45,26.7,-13.0,21.48,-0.61,4h
40,1.5,atr_2x,7,0.1,True,48,35.4,-13.1,24.12,-0.54,4h
45,2.0,atr_3x,7,0.2,False,207,43.5,-13.1,49.73,-0.26,4h
35,1.0,bb_mid,7,0.2,True,32,40.6,-13.23,20.52,-0.64,4h
45,1.5,bb_mid,7,0.1,True,61,54.1,-13.31,18.76,-0.71,4h
45,1.0,atr_3x,7,0.2,True,62,24.2,-13.31,23.84,-0.56,4h
40,1.0,atr_2x,3,0.3,True,52,28.8,-13.36,25.15,-0.53,4h
40,2.0,bb_mid,7,0.2,True,47,63.8,-13.53,31.14,-0.43,4h
30,1.0,atr_3x,3,0.3,True,10,10.0,-13.55,13.55,-1.0,4h
45,2.0,bb_mid,7,0.3,True,59,66.1,-13.6,36.64,-0.37,4h
30,1.5,bb_mid,7,0.1,True,9,22.2,-13.66,13.66,-1.0,4h
40,1.0,atr_3x,3,0.3,True,50,22.0,-14.12,25.98,-0.54,4h
35,2.0,atr_2x,3,0.1,False,158,46.2,-14.15,20.67,-0.68,4h
35,1.0,bb_mid,5,0.3,True,32,40.6,-14.26,21.88,-0.65,4h
35,1.5,atr_3x,7,0.1,True,26,26.9,-14.35,21.23,-0.68,4h
35,1.5,bb_mid,7,0.1,True,29,44.8,-14.37,20.95,-0.69,4h
40,2.0,atr_2x,5,0.1,False,197,47.7,-14.44,29.39,-0.49,4h
40,1.5,bb_mid,5,0.1,True,50,48.0,-14.56,20.95,-0.7,4h
40,2.0,bb_mid,5,0.3,True,47,63.8,-14.76,33.12,-0.45,4h
45,1.0,atr_3x,5,0.3,True,62,24.2,-14.76,25.38,-0.58,4h
35,2.0,atr_3x,7,0.1,True,23,34.8,-14.87,23.14,-0.64,4h
40,1.5,atr_2x,3,0.1,False,221,40.3,-14.89,22.37,-0.67,4h
40,1.0,atr_2x,5,0.2,True,52,28.8,-14.95,27.54,-0.54,4h
30,1.0,atr_3x,5,0.2,True,10,10.0,-14.98,14.98,-1.0,4h
30,1.5,atr_3x,7,0.1,True,9,11.1,-15.03,15.03,-1.0,4h
35,2.0,bb_mid,7,0.1,True,26,53.8,-15.06,18.64,-0.81,4h
40,1.0,bb_mid,3,0.3,True,54,40.7,-15.18,24.93,-0.61,4h
45,1.0,bb_mid,3,0.3,True,68,42.6,-15.28,23.02,-0.66,4h
40,1.0,atr_2x,5,0.1,False,243,32.1,-15.52,30.24,-0.51,4h
45,1.5,atr_2x,5,0.1,False,242,41.7,-15.53,35.72,-0.43,4h
40,1.5,atr_3x,3,0.2,True,45,26.7,-15.64,25.34,-0.62,4h
30,1.5,atr_2x,3,0.3,True,9,22.2,-15.67,15.67,-1.0,4h
45,1.0,atr_3x,3,0.2,False,254,26.4,-15.84,44.67,-0.35,4h
40,1.0,atr_3x,5,0.2,True,50,22.0,-15.86,28.45,-0.56,4h
30,2.0,atr_2x,3,0.2,False,113,45.1,-16.04,29.37,-0.55,4h
30,1.0,bb_mid,7,0.3,True,10,30.0,-16.64,19.62,-0.85,4h
45,1.0,atr_2x,5,0.1,False,267,32.2,-16.68,35.48,-0.47,4h
40,1.0,bb_mid,5,0.2,True,54,40.7,-16.86,27.39,-0.62,4h
45,1.0,bb_mid,5,0.2,True,68,42.6,-16.99,25.34,-0.67,4h
40,1.5,atr_2x,3,0.3,True,48,35.4,-17.04,30.11,-0.57,4h
35,1.0,atr_3x,7,0.3,True,29,24.1,-17.06,36.91,-0.46,4h
45,1.5,bb_mid,3,0.3,True,61,54.1,-17.12,23.65,-0.72,4h
30,1.5,bb_mid,3,0.3,True,9,22.2,-17.3,17.3,-1.0,4h
30,1.5,atr_2x,5,0.2,True,9,22.2,-17.31,17.31,-1.0,4h
40,1.5,bb_mid,3,0.2,True,50,48.0,-17.32,24.65,-0.7,4h
30,1.5,atr_2x,3,0.1,False,119,37.0,-17.52,20.96,-0.84,4h
40,1.0,bb_mid,3,0.1,False,253,38.7,-17.72,21.23,-0.83,4h
30,1.0,bb_mid,3,0.1,False,133,30.8,-17.83,23.4,-0.76,4h
30,2.0,bb_mid,3,0.1,False,116,49.1,-17.83,25.35,-0.7,4h
45,1.0,atr_2x,7,0.3,True,65,32.3,-18.01,35.81,-0.5,4h
45,2.0,atr_3x,5,0.3,False,207,43.5,-18.13,52.46,-0.35,4h
35,2.0,atr_3x,3,0.1,False,148,38.5,-18.14,21.01,-0.86,4h
40,1.5,atr_3x,7,0.1,True,45,26.7,-18.27,29.06,-0.63,4h
35,1.5,bb_mid,3,0.3,True,29,44.8,-18.32,26.24,-0.7,4h
40,2.0,atr_2x,3,0.2,False,197,47.7,-18.33,35.02,-0.52,4h
35,1.5,atr_3x,3,0.3,True,26,26.9,-18.49,26.68,-0.69,4h
35,1.0,atr_2x,5,0.1,False,194,31.4,-18.62,29.21,-0.64,4h
30,1.0,atr_2x,5,0.1,False,132,30.3,-18.91,28.81,-0.66,4h
30,1.5,atr_3x,3,0.3,True,9,11.1,-19.0,19.0,-1.0,4h
40,1.5,atr_2x,5,0.2,True,48,35.4,-19.02,32.96,-0.58,4h
45,1.5,bb_mid,5,0.2,True,61,54.1,-19.02,26.02,-0.73,4h
40,1.0,atr_2x,3,0.2,False,243,32.1,-19.05,35.34,-0.54,4h
30,1.5,bb_mid,5,0.2,True,9,22.2,-19.07,19.07,-1.0,4h
35,2.0,bb_mid,3,0.3,True,26,53.8,-19.19,23.49,-0.82,4h
35,2.0,atr_3x,3,0.3,True,23,34.8,-19.19,28.97,-0.66,4h
45,1.5,atr_2x,3,0.2,False,242,41.7,-19.41,41.32,-0.47,4h
45,1.0,atr_3x,7,0.1,False,254,26.4,-19.41,49.99,-0.39,4h
30,2.0,atr_2x,7,0.1,False,113,45.1,-19.42,34.06,-0.57,4h
35,1.5,atr_2x,7,0.3,True,27,40.7,-19.47,46.57,-0.42,4h
40,1.0,atr_3x,5,0.1,False,232,25.9,-19.48,36.93,-0.53,4h
30,2.0,atr_3x,7,0.2,False,111,42.3,-19.73,47.94,-0.41,4h
30,1.0,atr_3x,3,0.1,False,129,22.5,-19.85,22.58,-0.88,4h
35,2.0,bb_mid,3,0.1,False,167,52.7,-19.88,26.99,-0.74,4h
35,1.0,bb_mid,3,0.1,False,197,35.0,-19.91,21.32,-0.93,4h
45,2.0,atr_2x,3,0.3,False,221,48.9,-19.96,43.26,-0.46,4h
40,1.5,bb_mid,7,0.1,True,50,48.0,-20.02,28.21,-0.71,4h
40,2.0,bb_mid,3,0.1,False,217,56.7,-20.13,26.44,-0.76,4h
35,1.5,bb_mid,5,0.2,True,29,44.8,-20.26,28.78,-0.7,4h
45,1.0,atr_2x,3,0.2,False,267,32.2,-20.42,41.15,-0.5,4h
30,1.0,atr_3x,7,0.2,True,10,10.0,-20.53,20.53,-1.0,4h
35,1.5,atr_3x,5,0.2,True,26,26.9,-20.56,29.3,-0.7,4h
35,1.0,bb_mid,7,0.3,True,32,40.6,-20.57,29.77,-0.69,4h
35,1.5,atr_2x,3,0.1,False,177,38.4,-20.62,24.65,-0.84,4h
45,2.0,bb_mid,3,0.1,False,240,57.9,-20.72,26.86,-0.77,4h
30,1.5,atr_3x,5,0.2,True,9,11.1,-20.93,20.93,-1.0,4h
40,2.0,atr_3x,7,0.2,False,186,43.0,-21.03,56.73,-0.37,4h
45,1.5,atr_3x,3,0.1,False,223,33.6,-21.21,28.35,-0.75,4h
35,2.0,bb_mid,5,0.2,True,26,53.8,-21.21,25.83,-0.82,4h
35,2.0,atr_3x,5,0.2,True,23,34.8,-21.35,31.79,-0.67,4h
40,1.0,atr_2x,7,0.2,True,52,28.8,-21.4,36.44,-0.59,4h
30,1.0,atr_3x,5,0.3,True,10,10.0,-21.88,21.88,-1.0,4h
40,2.0,atr_2x,7,0.1,False,197,47.7,-22.45,40.47,-0.55,4h
35,1.0,atr_2x,3,0.2,False,194,31.4,-22.49,34.11,-0.66,4h
45,1.0,bb_mid,3,0.1,False,278,38.8,-22.49,22.77,-0.99,4h
40,2.0,bb_mid,7,0.3,True,47,63.8,-22.6,44.27,-0.51,4h
40,1.0,atr_2x,7,0.1,False,243,32.1,-22.66,40.14,-0.56,4h
30,1.0,atr_2x,3,0.2,False,132,30.3,-22.66,33.81,-0.67,4h
30,1.5,atr_3x,3,0.1,False,118,30.5,-22.85,26.81,-0.85,4h
40,1.0,atr_3x,7,0.2,True,50,22.0,-22.99,37.64,-0.61,4h
40,1.0,atr_2x,5,0.3,True,52,28.8,-23.04,38.49,-0.6,4h
30,2.0,atr_3x,5,0.3,False,111,42.3,-23.29,50.49,-0.46,4h
45,1.5,atr_2x,7,0.1,False,242,41.7,-23.45,46.49,-0.5,4h
40,1.5,atr_3x,3,0.3,True,45,26.7,-23.52,36.09,-0.65,4h
40,1.0,bb_mid,7,0.2,True,54,40.7,-23.53,36.63,-0.64,4h
35,1.0,atr_3x,3,0.1,False,186,22.6,-23.58,26.02,-0.91,4h
30,1.5,atr_2x,7,0.2,True,9,22.2,-23.65,23.65,-1.0,4h
40,1.0,atr_3x,3,0.2,False,232,25.9,-23.76,42.78,-0.56,4h
45,1.0,bb_mid,7,0.2,True,68,42.6,-23.8,34.13,-0.7,4h
45,2.0,atr_2x,5,0.2,False,221,48.9,-24.05,47.44,-0.51,4h
35,2.0,atr_2x,5,0.1,False,158,46.2,-24.13,33.4,-0.72,4h
45,1.0,atr_2x,7,0.1,False,267,32.2,-24.24,46.41,-0.52,4h
45,1.0,atr_3x,7,0.3,True,62,24.2,-24.28,35.04,-0.69,4h
40,1.0,atr_3x,5,0.3,True,50,22.0,-24.8,39.77,-0.62,4h
40,1.5,atr_2x,5,0.1,False,221,40.3,-25.14,35.62,-0.71,4h
30,1.5,atr_2x,5,0.3,True,9,22.2,-25.18,25.18,-1.0,4h
40,1.0,bb_mid,5,0.3,True,54,40.7,-25.18,38.79,-0.65,4h
40,1.5,bb_mid,3,0.3,True,50,48.0,-25.26,34.9,-0.72,4h
45,1.0,bb_mid,5,0.3,True,68,42.6,-25.49,36.21,-0.7,4h
40,2.0,atr_3x,5,0.3,False,186,43.0,-25.82,60.21,-0.43,4h
30,1.5,bb_mid,7,0.2,True,9,22.2,-25.89,25.89,-1.0,4h
40,1.5,atr_3x,5,0.2,True,45,26.7,-26.11,39.39,-0.66,4h
35,1.0,atr_2x,7,0.1,False,194,31.4,-26.36,38.71,-0.68,4h
30,1.0,atr_2x,7,0.1,False,132,30.3,-26.37,38.56,-0.68,4h
30,2.0,atr_2x,3,0.3,False,113,45.1,-26.51,43.07,-0.62,4h
45,1.5,bb_mid,7,0.2,True,61,54.1,-26.54,34.99,-0.76,4h
40,1.5,atr_2x,7,0.2,True,48,35.4,-27.01,43.48,-0.62,4h
45,1.0,atr_3x,3,0.3,False,254,26.4,-27.01,59.61,-0.45,4h
30,1.5,bb_mid,3,0.1,False,123,38.2,-27.01,29.62,-0.91,4h
45,1.5,bb_mid,3,0.1,False,257,49.0,-27.38,30.4,-0.9,4h
30,1.5,bb_mid,5,0.3,True,9,22.2,-27.53,27.53,-1.0,4h
40,1.5,bb_mid,5,0.2,True,50,48.0,-27.8,38.04,-0.73,4h
35,1.5,bb_mid,7,0.2,True,29,44.8,-27.81,38.23,-0.73,4h
40,1.5,bb_mid,3,0.1,False,236,47.5,-27.96,31.76,-0.88,4h
35,1.5,bb_mid,3,0.1,False,182,42.9,-27.98,30.74,-0.91,4h
40,1.0,atr_3x,7,0.1,False,232,25.9,-28.09,48.18,-0.58,4h
40,1.5,atr_3x,3,0.1,False,206,32.0,-28.19,31.98,-0.88,4h
30,1.5,atr_3x,7,0.2,True,9,11.1,-28.32,28.32,-1.0,4h
45,1.5,bb_mid,5,0.3,True,61,54.1,-28.39,37.1,-0.77,4h
30,1.5,atr_2x,5,0.1,False,119,37.0,-28.4,33.25,-0.85,4h
30,1.0,bb_mid,5,0.1,False,133,30.8,-28.49,36.31,-0.78,4h
40,1.0,bb_mid,5,0.1,False,253,38.7,-28.58,33.48,-0.85,4h
35,1.5,atr_3x,7,0.2,True,26,26.9,-28.71,39.12,-0.73,4h
30,2.0,bb_mid,5,0.1,False,116,49.1,-28.91,39.33,-0.73,4h
40,1.5,atr_2x,5,0.3,True,48,35.4,-29.01,45.89,-0.63,4h
35,2.0,bb_mid,7,0.2,True,26,53.8,-29.08,34.7,-0.84,4h
35,2.0,atr_2x,3,0.2,False,158,46.2,-29.14,39.35,-0.74,4h
30,1.0,atr_3x,7,0.3,True,10,10.0,-29.64,29.64,-1.0,4h
35,1.5,bb_mid,5,0.3,True,29,44.8,-29.64,40.43,-0.73,4h
35,2.0,atr_3x,7,0.2,True,23,34.8,-29.88,42.25,-0.71,4h
40,1.0,atr_2x,3,0.3,False,243,32.1,-30.02,48.89,-0.61,4h
30,1.5,atr_3x,5,0.3,True,9,11.1,-30.08,30.08,-1.0,4h
35,2.0,atr_3x,5,0.1,False,148,38.5,-30.15,34.16,-0.88,4h
30,2.0,atr_2x,5,0.2,False,113,45.1,-30.18,47.34,-0.64,4h
40,1.5,atr_2x,3,0.2,False,221,40.3,-30.22,41.69,-0.72,4h
35,1.5,atr_3x,5,0.3,True,26,26.9,-30.72,41.41,-0.74,4h
45,1.0,atr_3x,5,0.2,False,254,26.4,-30.95,63.83,-0.48,4h
35,2.0,bb_mid,5,0.3,True,26,53.8,-30.98,36.79,-0.84,4h
40,2.0,atr_2x,3,0.3,False,197,47.7,-31.15,50.7,-0.61,4h
30,1.0,atr_3x,5,0.1,False,129,22.5,-31.59,35.38,-0.89,4h
35,1.0,bb_mid,5,0.1,False,197,35.0,-31.64,33.55,-0.94,4h
45,1.5,atr_2x,3,0.3,False,242,41.7,-31.83,55.63,-0.57,4h
45,1.0,atr_2x,3,0.3,False,267,32.2,-31.97,55.75,-0.57,4h
35,2.0,atr_3x,5,0.3,True,23,34.8,-31.98,44.67,-0.72,4h
35,2.0,bb_mid,5,0.1,False,167,52.7,-32.07,41.71,-0.77,4h
40,2.0,bb_mid,5,0.1,False,217,56.7,-32.53,41.05,-0.79,4h
40,1.0,atr_2x,7,0.3,True,52,28.8,-32.84,49.6,-0.66,4h
35,1.5,atr_2x,5,0.1,False,177,38.4,-33.14,38.59,-0.86,4h
45,2.0,bb_mid,5,0.1,False,240,57.9,-33.42,41.65,-0.8,4h
30,1.0,bb_mid,3,0.2,False,133,30.8,-33.46,42.05,-0.8,4h
30,1.5,atr_2x,3,0.2,False,119,37.0,-33.55,38.88,-0.86,4h
30,1.0,atr_2x,3,0.3,False,132,30.3,-33.62,47.31,-0.71,4h
40,1.0,bb_mid,3,0.2,False,253,38.7,-33.7,39.06,-0.86,4h
40,1.0,atr_2x,5,0.2,False,243,32.1,-33.72,52.86,-0.64,4h
30,1.5,atr_2x,7,0.3,True,9,22.2,-33.95,33.95,-1.0,4h
35,1.0,atr_2x,3,0.3,False,194,31.4,-34.0,47.11,-0.72,4h
35,2.0,atr_2x,7,0.1,False,158,46.2,-34.12,45.0,-0.76,4h
30,2.0,bb_mid,3,0.2,False,116,49.1,-34.15,45.52,-0.75,4h
45,1.5,atr_3x,5,0.1,False,223,33.6,-34.52,42.94,-0.8,4h
40,1.0,bb_mid,7,0.3,True,54,40.7,-34.81,50.6,-0.69,4h
40,1.5,atr_2x,7,0.1,False,221,40.3,-35.22,47.38,-0.74,4h
45,1.0,bb_mid,5,0.1,False,278,38.8,-35.37,35.76,-0.99,4h
45,1.0,bb_mid,7,0.3,True,68,42.6,-35.4,47.71,-0.74,4h
35,1.5,atr_3x,3,0.1,False,168,29.2,-35.46,35.46,-1.0,4h
40,2.0,atr_2x,5,0.2,False,197,47.7,-35.62,55.45,-0.64,4h
40,1.0,atr_3x,7,0.3,True,50,22.0,-35.69,51.21,-0.7,4h
45,1.0,atr_2x,5,0.2,False,267,32.2,-35.83,59.88,-0.6,4h
35,2.0,atr_3x,3,0.2,False,148,38.5,-35.96,40.34,-0.89,4h
45,1.5,atr_2x,5,0.2,False,242,41.7,-36.09,59.65,-0.61,4h
30,1.5,atr_3x,5,0.1,False,118,30.5,-36.1,40.81,-0.88,4h
40,1.5,atr_3x,7,0.2,True,45,26.7,-36.24,51.33,-0.71,4h
40,1.0,atr_3x,3,0.3,False,232,25.9,-36.72,57.73,-0.64,4h
30,1.5,bb_mid,7,0.3,True,9,22.2,-36.78,36.78,-1.0,4h
30,1.0,atr_3x,3,0.2,False,129,22.5,-37.0,41.14,-0.9,4h
35,1.0,bb_mid,3,0.2,False,197,35.0,-37.04,39.1,-0.95,4h
35,1.0,atr_3x,5,0.1,False,186,22.6,-37.06,40.27,-0.92,4h
30,1.0,atr_2x,5,0.2,False,132,30.3,-37.15,51.32,-0.72,4h
40,1.5,bb_mid,7,0.2,True,50,48.0,-37.41,49.34,-0.76,4h
35,1.0,atr_2x,5,0.2,False,194,31.4,-37.75,50.93,-0.74,4h
35,2.0,bb_mid,3,0.2,False,167,52.7,-37.77,48.17,-0.78,4h
30,1.0,bb_mid,7,0.1,False,133,30.8,-38.18,47.34,-0.81,4h
40,2.0,bb_mid,3,0.2,False,217,56.7,-38.34,47.48,-0.81,4h
30,1.5,atr_2x,7,0.1,False,119,37.0,-38.49,44.17,-0.87,4h
40,1.0,bb_mid,7,0.1,False,253,38.7,-38.58,44.27,-0.87,4h
40,1.5,atr_3x,5,0.3,True,45,26.7,-38.69,54.0,-0.72,4h
35,1.5,atr_2x,3,0.2,False,177,38.4,-38.97,44.82,-0.87,4h
30,2.0,bb_mid,7,0.1,False,116,49.1,-39.17,51.19,-0.77,4h
45,1.5,bb_mid,7,0.3,True,61,54.1,-39.18,48.84,-0.8,4h
45,2.0,bb_mid,3,0.2,False,240,57.9,-39.35,48.16,-0.82,4h
40,1.5,bb_mid,5,0.3,True,50,48.0,-39.67,51.87,-0.76,4h
30,1.5,atr_3x,7,0.3,True,9,11.1,-39.99,39.99,-1.0,4h
35,1.5,bb_mid,7,0.3,True,29,44.8,-40.08,52.31,-0.77,4h
40,1.5,atr_2x,7,0.3,True,48,35.4,-40.74,58.69,-0.69,4h
45,1.5,atr_3x,3,0.2,False,223,33.6,-40.77,49.17,-0.83,4h
40,1.0,atr_3x,5,0.2,False,232,25.9,-40.96,61.92,-0.66,4h
45,1.0,bb_mid,3,0.2,False,278,38.8,-41.19,41.61,-0.99,4h
30,1.5,bb_mid,5,0.1,False,123,38.2,-41.52,44.91,-0.92,4h
35,2.0,atr_3x,7,0.1,False,148,38.5,-41.58,46.2,-0.9,4h
45,2.0,atr_2x,7,0.2,False,221,48.9,-41.77,64.52,-0.65,4h
35,2.0,bb_mid,7,0.3,True,26,53.8,-41.82,48.33,-0.87,4h
30,1.0,atr_3x,7,0.1,False,129,22.5,-42.1,46.49,-0.91,4h
30,1.5,atr_3x,3,0.2,False,118,30.5,-42.1,47.07,-0.89,4h
35,1.0,bb_mid,7,0.1,False,197,35.0,-42.13,44.28,-0.95,4h
35,1.5,atr_3x,7,0.3,True,26,26.9,-42.29,53.83,-0.79,4h
45,1.5,bb_mid,5,0.1,False,257,49.0,-42.3,46.16,-0.92,4h
35,1.5,bb_mid,5,0.1,False,182,42.9,-43.0,46.52,-0.92,4h
40,1.5,bb_mid,5,0.1,False,236,47.5,-43.03,47.87,-0.9,4h
35,1.0,atr_3x,3,0.2,False,186,22.6,-43.13,46.54,-0.93,4h
35,2.0,bb_mid,7,0.1,False,167,52.7,-43.2,54.05,-0.8,4h
35,2.0,atr_2x,3,0.3,False,158,46.2,-43.78,55.33,-0.79,4h
40,1.5,atr_3x,5,0.1,False,206,32.0,-43.78,48.52,-0.9,4h
40,2.0,bb_mid,7,0.1,False,217,56.7,-43.86,53.38,-0.82,4h
35,2.0,atr_3x,7,0.3,True,23,34.8,-44.1,57.66,-0.76,4h
35,1.5,atr_2x,7,0.1,False,177,38.4,-44.48,50.59,-0.88,4h
40,1.5,atr_2x,3,0.3,False,221,40.3,-44.86,57.62,-0.78,4h
45,2.0,bb_mid,7,0.1,False,240,57.9,-44.97,54.1,-0.83,4h
30,2.0,atr_2x,7,0.2,False,113,45.1,-45.01,62.65,-0.72,4h
30,2.0,atr_3x,7,0.3,False,111,42.3,-46.19,65.96,-0.7,4h
45,2.0,atr_2x,5,0.3,False,221,48.9,-46.27,68.29,-0.68,4h
45,1.0,bb_mid,7,0.1,False,278,38.8,-46.62,47.06,-0.99,4h
45,1.5,atr_3x,7,0.1,False,223,33.6,-46.7,54.76,-0.85,4h
45,1.0,atr_3x,7,0.2,False,254,26.4,-46.84,77.17,-0.61,4h
30,1.0,bb_mid,3,0.3,False,133,30.8,-46.9,56.7,-0.83,4h
40,1.0,bb_mid,3,0.3,False,253,38.7,-47.67,53.69,-0.89,4h
30,1.5,atr_3x,7,0.1,False,118,30.5,-47.7,52.87,-0.9,4h
30,1.5,atr_2x,3,0.3,False,119,37.0,-47.7,53.76,-0.89,4h
30,1.5,bb_mid,3,0.2,False,123,38.2,-47.84,51.43,-0.93,4h
40,1.0,atr_2x,7,0.2,False,243,32.1,-48.2,66.33,-0.73,4h
35,2.0,atr_2x,5,0.2,False,158,46.2,-48.41,59.99,-0.81,4h
30,2.0,bb_mid,3,0.3,False,116,49.1,-48.54,61.14,-0.79,4h
30,2.0,atr_2x,5,0.3,False,113,45.1,-48.64,66.0,-0.74,4h
35,1.0,atr_3x,7,0.1,False,186,22.6,-48.76,52.27,-0.93,4h
45,1.5,bb_mid,3,0.2,False,257,49.0,-48.82,52.86,-0.92,4h
40,1.5,atr_2x,5,0.2,False,221,40.3,-49.44,62.17,-0.8,4h
35,1.5,bb_mid,3,0.2,False,182,42.9,-49.52,53.2,-0.93,4h
40,1.5,bb_mid,3,0.2,False,236,47.5,-49.59,54.63,-0.91,4h
45,2.0,atr_3x,7,0.3,False,207,43.5,-50.09,69.06,-0.73,4h
30,1.0,atr_2x,7,0.2,False,132,30.3,-50.34,65.11,-0.77,4h
40,1.5,atr_3x,3,0.2,False,206,32.0,-50.61,55.5,-0.91,4h
45,1.0,atr_3x,5,0.3,False,254,26.4,-50.69,79.75,-0.64,4h
45,1.0,atr_2x,7,0.2,False,267,32.2,-50.76,73.28,-0.69,4h
30,1.0,bb_mid,5,0.2,False,133,30.8,-50.91,60.82,-0.84,4h
30,1.0,atr_3x,3,0.3,False,129,22.5,-51.4,56.04,-0.92,4h
35,1.0,bb_mid,3,0.3,False,197,35.0,-51.41,53.61,-0.96,4h
40,1.0,atr_2x,5,0.3,False,243,32.1,-51.64,69.14,-0.75,4h
40,1.0,bb_mid,5,0.2,False,253,38.7,-51.86,57.9,-0.9,4h
35,1.0,atr_2x,7,0.2,False,194,31.4,-51.91,63.95,-0.81,4h
30,1.5,atr_2x,5,0.2,False,119,37.0,-51.96,58.07,-0.89,4h
35,2.0,atr_3x,3,0.3,False,148,38.5,-52.09,56.88,-0.92,4h
40,1.5,bb_mid,7,0.3,True,50,48.0,-52.09,64.88,-0.8,4h
40,1.5,atr_3x,7,0.3,True,45,26.7,-52.43,67.69,-0.77,4h
35,1.5,atr_3x,5,0.1,False,168,29.2,-52.74,52.74,-1.0,4h
45,1.5,atr_2x,7,0.2,False,242,41.7,-52.76,72.69,-0.73,4h
30,2.0,bb_mid,5,0.2,False,116,49.1,-52.87,65.46,-0.81,4h
35,2.0,bb_mid,3,0.3,False,167,52.7,-53.17,64.23,-0.83,4h
40,2.0,atr_2x,7,0.2,False,197,47.7,-53.27,71.6,-0.74,4h
30,1.0,atr_2x,5,0.3,False,132,30.3,-53.39,68.02,-0.78,4h
30,1.5,bb_mid,7,0.1,False,123,38.2,-53.59,57.26,-0.94,4h
40,2.0,bb_mid,3,0.3,False,217,56.7,-54.0,63.62,-0.85,4h
45,1.0,atr_2x,5,0.3,False,267,32.2,-54.26,75.95,-0.71,4h
35,1.5,atr_2x,3,0.3,False,177,38.4,-54.53,60.74,-0.9,4h
45,1.5,bb_mid,7,0.1,False,257,49.0,-54.76,58.85,-0.93,4h
40,2.0,atr_3x,7,0.3,False,186,43.0,-55.06,77.49,-0.71,4h
35,1.0,atr_2x,5,0.3,False,194,31.4,-55.19,66.69,-0.83,4h
45,2.0,bb_mid,3,0.3,False,240,57.9,-55.24,64.39,-0.86,4h
35,1.5,bb_mid,7,0.1,False,182,42.9,-55.42,59.15,-0.94,4h
40,1.5,bb_mid,7,0.1,False,236,47.5,-55.53,60.64,-0.92,4h
35,1.0,bb_mid,5,0.2,False,197,35.0,-55.61,57.79,-0.96,4h
30,1.0,atr_3x,5,0.2,False,129,22.5,-55.62,60.28,-0.92,4h
45,1.0,bb_mid,3,0.3,False,278,38.8,-56.32,56.78,-0.99,4h
45,1.5,atr_2x,5,0.3,False,242,41.7,-56.67,75.3,-0.75,4h
40,1.5,atr_3x,7,0.1,False,206,32.0,-56.81,61.7,-0.92,4h
40,1.0,atr_3x,7,0.2,False,232,25.9,-56.85,75.35,-0.75,4h
35,2.0,atr_3x,5,0.2,False,148,38.5,-56.94,61.68,-0.92,4h
40,2.0,atr_2x,5,0.3,False,197,47.7,-57.43,74.94,-0.77,4h
45,1.5,atr_3x,3,0.3,False,223,33.6,-57.49,64.29,-0.89,4h
35,2.0,bb_mid,5,0.2,False,167,52.7,-57.7,68.59,-0.84,4h
30,1.5,atr_3x,3,0.3,False,118,30.5,-57.72,62.95,-0.92,4h
40,2.0,bb_mid,5,0.2,False,217,56.7,-58.6,68.03,-0.86,4h
35,1.0,atr_3x,3,0.3,False,186,22.6,-58.77,62.26,-0.94,4h
35,1.5,atr_2x,5,0.2,False,177,38.4,-59.07,65.17,-0.91,4h
35,1.5,atr_3x,3,0.2,False,168,29.2,-59.8,59.8,-1.0,4h
45,2.0,bb_mid,5,0.2,False,240,57.9,-59.87,68.81,-0.87,4h
40,1.0,atr_3x,5,0.3,False,232,25.9,-60.45,77.98,-0.78,4h
45,1.0,bb_mid,5,0.2,False,278,38.8,-60.63,61.09,-0.99,4h
30,1.5,atr_3x,5,0.2,False,118,30.5,-62.15,67.28,-0.92,4h
45,1.5,atr_3x,5,0.2,False,223,33.6,-62.33,68.33,-0.91,4h
35,1.0,atr_3x,5,0.2,False,186,22.6,-63.17,66.56,-0.95,4h
30,1.5,bb_mid,3,0.3,False,123,38.2,-63.52,67.14,-0.95,4h
30,1.0,bb_mid,7,0.2,False,133,30.8,-64.7,74.13,-0.87,4h
35,2.0,atr_2x,7,0.2,False,158,46.2,-65.0,75.3,-0.86,4h
45,1.5,bb_mid,3,0.3,False,257,49.0,-65.01,68.93,-0.94,4h
35,1.5,bb_mid,3,0.3,False,182,42.9,-65.56,69.14,-0.95,4h
40,1.5,atr_2x,7,0.2,False,221,40.3,-65.69,76.88,-0.85,4h
40,1.5,bb_mid,3,0.3,False,236,47.5,-65.74,70.62,-0.93,4h
35,1.5,atr_3x,7,0.1,False,168,29.2,-65.94,65.94,-1.0,4h
40,1.0,bb_mid,7,0.2,False,253,38.7,-66.31,71.83,-0.92,4h
30,1.5,atr_2x,7,0.2,False,119,37.0,-66.68,72.33,-0.92,4h
40,1.5,atr_3x,3,0.3,False,206,32.0,-67.44,71.99,-0.94,4h
30,1.0,bb_mid,5,0.3,False,133,30.8,-67.62,76.76,-0.88,4h
30,1.5,bb_mid,5,0.2,False,123,38.2,-67.77,71.28,-0.95,4h
30,2.0,bb_mid,7,0.2,False,116,49.1,-67.77,78.99,-0.86,4h
30,2.0,atr_2x,7,0.3,False,113,45.1,-68.3,81.89,-0.83,4h
35,2.0,atr_2x,5,0.3,False,158,46.2,-68.59,78.34,-0.88,4h
40,1.5,atr_2x,5,0.3,False,221,40.3,-69.18,79.75,-0.87,4h
30,1.0,atr_2x,7,0.3,False,132,30.3,-69.27,81.66,-0.85,4h
40,1.0,bb_mid,5,0.3,False,253,38.7,-69.36,74.65,-0.93,4h
45,1.5,bb_mid,5,0.2,False,257,49.0,-69.38,73.12,-0.95,4h
35,1.0,bb_mid,7,0.2,False,197,35.0,-69.7,71.62,-0.97,4h
30,1.0,atr_3x,7,0.2,False,129,22.5,-69.74,74.01,-0.94,4h
30,1.5,atr_2x,5,0.3,False,119,37.0,-69.79,75.21,-0.93,4h
40,1.0,atr_2x,7,0.3,False,243,32.1,-69.85,82.2,-0.85,4h
35,1.5,bb_mid,5,0.2,False,182,42.9,-69.86,73.29,-0.95,4h
40,1.5,bb_mid,5,0.2,False,236,47.5,-70.07,74.73,-0.94,4h
45,2.0,atr_2x,7,0.3,False,221,48.9,-70.57,85.54,-0.82,4h
30,2.0,bb_mid,5,0.3,False,116,49.1,-70.9,81.57,-0.87,4h
45,1.0,atr_3x,7,0.3,False,254,26.4,-71.0,90.5,-0.78,4h
40,1.5,atr_3x,5,0.2,False,206,32.0,-71.93,76.2,-0.94,4h
35,1.0,atr_2x,7,0.3,False,194,31.4,-72.08,79.73,-0.9,4h
45,1.0,atr_2x,7,0.3,False,267,32.2,-72.44,87.6,-0.83,4h
35,1.0,bb_mid,5,0.3,False,197,35.0,-72.6,74.42,-0.98,4h
30,1.0,atr_3x,5,0.3,False,129,22.5,-72.65,76.74,-0.95,4h
35,2.0,bb_mid,7,0.2,False,167,52.7,-72.84,81.92,-0.89,4h
35,2.0,atr_3x,7,0.2,False,148,38.5,-73.25,77.24,-0.95,4h
40,2.0,bb_mid,7,0.2,False,217,56.7,-73.87,81.57,-0.91,4h
35,1.5,atr_2x,7,0.2,False,177,38.4,-74.06,79.11,-0.94,4h
45,1.0,bb_mid,7,0.2,False,278,38.8,-74.62,75.03,-0.99,4h
45,2.0,bb_mid,7,0.2,False,240,57.9,-75.13,82.28,-0.91,4h
35,1.5,atr_3x,3,0.3,False,168,29.2,-75.83,75.83,-1.0,4h
35,2.0,bb_mid,5,0.3,False,167,52.7,-75.9,84.38,-0.9,4h
30,1.5,atr_3x,7,0.2,False,118,30.5,-76.42,80.67,-0.95,4h
45,1.5,atr_2x,7,0.3,False,242,41.7,-76.48,86.75,-0.88,4h
35,2.0,atr_3x,5,0.3,False,148,38.5,-76.54,80.26,-0.95,4h
40,2.0,bb_mid,5,0.3,False,217,56.7,-76.94,84.08,-0.92,4h
35,1.5,atr_2x,5,0.3,False,177,38.4,-77.06,81.76,-0.94,4h
35,1.0,atr_3x,7,0.2,False,186,22.6,-77.2,79.91,-0.97,4h
45,1.0,bb_mid,5,0.3,False,278,38.8,-77.39,77.78,-1.0,4h
45,1.5,atr_3x,7,0.2,False,223,33.6,-77.91,81.54,-0.96,4h
45,2.0,bb_mid,5,0.3,False,240,57.9,-78.16,84.76,-0.92,4h
40,2.0,atr_2x,7,0.3,False,197,47.7,-78.2,89.32,-0.88,4h
40,1.0,atr_3x,7,0.3,False,232,25.9,-78.21,89.21,-0.88,4h
30,1.5,atr_3x,5,0.3,False,118,30.5,-79.2,83.17,-0.95,4h
35,1.5,atr_3x,5,0.2,False,168,29.2,-79.76,79.76,-1.0,4h
35,1.0,atr_3x,5,0.3,False,186,22.6,-79.92,82.43,-0.97,4h
30,1.5,bb_mid,7,0.2,False,123,38.2,-80.83,83.61,-0.97,4h
45,1.5,atr_3x,5,0.3,False,223,33.6,-80.91,84.21,-0.96,4h
30,1.0,bb_mid,7,0.3,False,133,30.8,-81.37,88.16,-0.92,4h
45,1.5,bb_mid,7,0.2,False,257,49.0,-82.64,85.43,-0.97,4h
35,1.5,bb_mid,7,0.2,False,182,42.9,-82.86,85.41,-0.97,4h
40,1.5,bb_mid,7,0.2,False,236,47.5,-83.14,86.58,-0.96,4h
30,1.5,bb_mid,5,0.3,False,123,38.2,-83.26,85.83,-0.97,4h
40,1.0,bb_mid,7,0.3,False,253,38.7,-83.48,87.07,-0.96,4h
30,1.5,atr_2x,7,0.3,False,119,37.0,-84.11,87.83,-0.96,4h
45,1.5,bb_mid,5,0.3,False,257,49.0,-85.06,87.61,-0.97,4h
35,2.0,atr_2x,7,0.3,False,158,46.2,-85.07,90.99,-0.93,4h
40,1.5,atr_2x,7,0.3,False,221,40.3,-85.14,91.54,-0.93,4h
30,2.0,bb_mid,7,0.3,False,116,49.1,-85.2,92.07,-0.93,4h
40,1.5,atr_3x,7,0.2,False,206,32.0,-85.2,88.11,-0.97,4h
35,1.5,bb_mid,5,0.3,False,182,42.9,-85.22,87.55,-0.97,4h
40,1.5,bb_mid,5,0.3,False,236,47.5,-85.51,88.63,-0.96,4h
35,1.0,bb_mid,7,0.3,False,197,35.0,-85.63,86.8,-0.99,4h
30,1.0,atr_3x,7,0.3,False,129,22.5,-85.68,88.51,-0.97,4h
40,1.5,atr_3x,5,0.3,False,206,32.0,-87.53,90.11,-0.97,4h
35,2.0,bb_mid,7,0.3,False,167,52.7,-89.12,93.94,-0.95,4h
45,1.0,bb_mid,7,0.3,False,278,38.8,-89.25,89.5,-1.0,4h
35,1.5,atr_2x,7,0.3,False,177,38.4,-89.81,92.45,-0.97,4h
40,2.0,bb_mid,7,0.3,False,217,56.7,-89.99,93.87,-0.96,4h
35,2.0,atr_3x,7,0.3,False,148,38.5,-90.37,92.41,-0.98,4h
35,1.5,atr_3x,7,0.2,False,168,29.2,-90.42,90.42,-1.0,4h
30,1.5,atr_3x,7,0.3,False,118,30.5,-90.81,93.09,-0.98,4h
45,2.0,bb_mid,7,0.3,False,240,57.9,-90.83,94.29,-0.96,4h
35,1.0,atr_3x,7,0.3,False,186,22.6,-91.14,92.55,-0.98,4h
35,1.5,atr_3x,5,0.3,False,168,29.2,-92.13,92.13,-1.0,4h
45,1.5,atr_3x,7,0.3,False,223,33.6,-92.85,94.42,-0.98,4h
30,1.5,bb_mid,7,0.3,False,123,38.2,-92.96,94.37,-0.99,4h
35,1.5,bb_mid,7,0.3,False,182,42.9,-94.32,95.45,-0.99,4h
45,1.5,bb_mid,7,0.3,False,257,49.0,-94.36,95.61,-0.99,4h
40,1.5,bb_mid,7,0.3,False,236,47.5,-94.56,96.05,-0.98,4h
40,1.5,atr_3x,7,0.3,False,206,32.0,-95.96,97.0,-0.99,4h
35,1.5,atr_3x,7,0.3,False,168,29.2,-97.77,97.77,-1.0,4h
