iteration,coin,timeframe,strategy,trend_filter,tp_pct,sl_pct,signal_count,total_trades,win_rate,total_return,avg_return,max_drawdown,sharpe_ratio
iter1_baseline,BTC,5m,rsi_oversold,False,0.02,0.01,923,221,42.53,-187.46,-0.85,209.05,-2.7846
iter1_baseline,BTC,5m,macd_cross,False,0.02,0.01,1022,461,40.35,-346.73,-0.75,362.33,-3.7929
iter1_baseline,BTC,5m,ema_cross,False,0.02,0.01,620,334,37.72,-263.51,-0.79,287.36,-3.5387
iter1_baseline,BTC,5m,bollinger_bounce,False,0.02,0.01,809,388,38.4,-279.05,-0.72,296.03,-3.1822
iter1_baseline,BTC,5m,support_bounce,False,0.02,0.01,7581,579,37.48,-464.33,-0.8,496.83,-4.4376
iter1_baseline,BTC,5m,candle_pattern,False,0.02,0.01,3408,548,38.87,-406.8,-0.74,442.49,-4.0399
iter1_baseline,BTC,15m,rsi_oversold,False,0.02,0.01,360,102,36.27,-69.93,-0.69,66.68,-1.1312
iter1_baseline,BTC,15m,macd_cross,False,0.02,0.01,322,179,37.43,-144.95,-0.81,158.35,-1.9614
iter1_baseline,BTC,15m,ema_cross,False,0.02,0.01,194,134,34.33,-117.06,-0.87,174.82,-1.7562
iter1_baseline,BTC,15m,bollinger_bounce,False,0.02,0.01,279,173,38.15,-125.34,-0.72,169.53,-1.6173
iter1_baseline,BTC,15m,support_bounce,False,0.02,0.01,1687,246,35.77,-207.27,-0.84,231.03,-2.2876
iter1_baseline,BTC,15m,candle_pattern,False,0.02,0.01,1069,252,37.3,-197.58,-0.78,212.86,-2.1362
iter1_baseline,BTC,1h,rsi_oversold,False,0.02,0.01,150,45,31.11,-39.01,-0.87,44.01,-0.843
iter1_baseline,BTC,1h,macd_cross,False,0.02,0.01,84,63,34.92,-24.68,-0.39,109.34,-0.4478
iter1_baseline,BTC,1h,ema_cross,False,0.02,0.01,47,41,26.83,-51.64,-1.26,88.87,-1.2247
iter1_baseline,BTC,1h,bollinger_bounce,False,0.02,0.01,63,54,25.93,-103.28,-1.91,97.78,-2.2541
iter1_baseline,BTC,1h,support_bounce,False,0.02,0.01,234,93,35.48,-33.05,-0.36,109.52,-0.4871
iter1_baseline,BTC,1h,candle_pattern,False,0.02,0.01,264,104,34.62,-41.82,-0.4,116.39,-0.5897
iter1_baseline,BTC,4h,rsi_oversold,False,0.02,0.01,45,22,18.18,-61.0,-2.77,69.0,-2.2479
iter1_baseline,BTC,4h,macd_cross,False,0.02,0.01,18,18,38.89,6.0,0.33,16.5,0.1934
iter1_baseline,BTC,4h,ema_cross,False,0.02,0.01,14,14,35.71,-2.0,-0.14,18.0,-0.0744
iter1_baseline,BTC,4h,bollinger_bounce,False,0.02,0.01,17,17,23.53,-33.5,-1.97,47.0,-1.277
iter1_baseline,BTC,4h,support_bounce,False,0.02,0.01,42,34,29.41,-37.0,-1.09,46.0,-0.9284
iter1_baseline,BTC,4h,candle_pattern,False,0.02,0.01,60,45,35.56,-7.5,-0.17,66.5,-0.1557
iter1_baseline,BTC,1d,rsi_oversold,False,0.02,0.01,7,4,25.0,-7.0,-1.75,11.0,-0.5389
iter1_baseline,BTC,1d,macd_cross,False,0.02,0.01,1,1,0.0,-5.5,-5.5,0.0,0.0
iter1_baseline,BTC,1d,ema_cross,False,0.02,0.01,2,2,100.0,19.0,9.5,0.0,0.0
iter1_baseline,BTC,1d,bollinger_bounce,False,0.02,0.01,2,2,0.0,-11.0,-5.5,5.5,0.0
iter1_baseline,BTC,1d,support_bounce,False,0.02,0.01,4,4,0.0,-22.0,-5.5,16.5,0.0
iter1_baseline,BTC,1d,candle_pattern,False,0.02,0.01,3,3,33.33,-1.5,-0.5,11.0,-0.1225
iter1_baseline,ETH,5m,rsi_oversold,False,0.02,0.01,1033,271,39.48,-257.86,-0.95,307.12,-2.8662
iter1_baseline,ETH,5m,macd_cross,False,0.02,0.01,1030,519,39.69,-451.65,-0.87,499.42,-3.9664
iter1_baseline,ETH,5m,ema_cross,False,0.02,0.01,624,359,38.72,-256.04,-0.71,263.71,-2.8115
iter1_baseline,ETH,5m,bollinger_bounce,False,0.02,0.01,802,452,38.94,-369.97,-0.82,391.77,-3.3692
iter1_baseline,ETH,5m,support_bounce,False,0.02,0.01,6058,670,38.96,-591.5,-0.88,638.07,-4.4609
iter1_baseline,ETH,5m,candle_pattern,False,0.02,0.01,3254,647,39.26,-461.46,-0.71,517.65,-3.4537
iter1_baseline,ETH,15m,rsi_oversold,False,0.02,0.01,449,126,29.37,-208.38,-1.65,227.88,-2.9887
iter1_baseline,ETH,15m,macd_cross,False,0.02,0.01,344,213,35.68,-208.02,-0.98,272.18,-2.3689
iter1_baseline,ETH,15m,ema_cross,False,0.02,0.01,212,146,30.82,-184.06,-1.26,198.56,-2.5434
iter1_baseline,ETH,15m,bollinger_bounce,False,0.02,0.01,267,195,35.38,-207.13,-1.06,233.06,-2.4121
iter1_baseline,ETH,15m,support_bounce,False,0.02,0.01,1243,299,35.45,-268.01,-0.9,296.39,-2.4745
iter1_baseline,ETH,15m,candle_pattern,False,0.02,0.01,1043,302,33.11,-332.27,-1.1,386.98,-3.0982
iter1_baseline,ETH,1h,rsi_oversold,False,0.02,0.01,159,57,28.07,-73.5,-1.29,94.5,-1.4444
iter1_baseline,ETH,1h,macd_cross,False,0.02,0.01,82,68,30.88,-59.0,-0.87,127.5,-1.0324
iter1_baseline,ETH,1h,ema_cross,False,0.02,0.01,45,41,29.27,-45.5,-1.11,59.0,-1.0412
iter1_baseline,ETH,1h,bollinger_bounce,False,0.02,0.01,69,61,39.34,16.59,0.27,80.0,0.2936
iter1_baseline,ETH,1h,support_bounce,False,0.02,0.01,158,99,36.36,-8.69,-0.09,86.19,-0.1217
iter1_baseline,ETH,1h,candle_pattern,False,0.02,0.01,245,127,37.01,-13.09,-0.1,126.83,-0.1635
iter1_baseline,ETH,4h,rsi_oversold,False,0.02,0.01,44,23,30.43,-21.5,-0.93,52.5,-0.6495
iter1_baseline,ETH,4h,macd_cross,False,0.02,0.01,19,19,21.05,-44.5,-2.34,40.0,-1.6694
iter1_baseline,ETH,4h,ema_cross,False,0.02,0.01,12,12,41.67,9.0,0.75,22.0,0.3513
iter1_baseline,ETH,4h,bollinger_bounce,False,0.02,0.01,18,18,22.22,-39.0,-2.17,37.5,-1.4741
iter1_baseline,ETH,4h,support_bounce,False,0.02,0.01,39,32,37.5,4.0,0.12,41.5,0.0974
iter1_baseline,ETH,4h,candle_pattern,False,0.02,0.01,54,41,34.15,-15.5,-0.38,80.0,-0.3403
iter1_baseline,ETH,1d,rsi_oversold,False,0.02,0.01,8,4,0.0,-22.0,-5.5,16.5,0.0
iter1_baseline,ETH,1d,macd_cross,False,0.02,0.01,2,2,0.0,-11.0,-5.5,5.5,0.0
iter1_baseline,ETH,1d,ema_cross,False,0.02,0.01,2,2,50.0,4.0,2.0,5.5,0.3771
iter1_baseline,ETH,1d,bollinger_bounce,False,0.02,0.01,4,4,0.0,-22.0,-5.5,16.5,0.0
iter1_baseline,ETH,1d,support_bounce,False,0.02,0.01,4,3,0.0,-16.5,-5.5,11.0,0.0
iter1_baseline,ETH,1d,candle_pattern,False,0.02,0.01,4,3,33.33,-1.5,-0.5,11.0,-0.1225
iter2_trend_filter,BTC,5m,rsi_oversold,True,0.02,0.01,34,15,53.33,-5.08,-0.34,18.12,-0.3924
iter2_trend_filter,BTC,5m,macd_cross,True,0.02,0.01,489,224,38.39,-125.09,-0.56,143.99,-1.9508
iter2_trend_filter,BTC,5m,ema_cross,True,0.02,0.01,292,165,36.97,-153.03,-0.93,161.99,-3.0969
iter2_trend_filter,BTC,5m,bollinger_bounce,True,0.02,0.01,219,122,40.98,-64.08,-0.53,89.21,-1.3488
iter2_trend_filter,BTC,5m,support_bounce,True,0.02,0.01,3427,285,34.74,-237.44,-0.83,255.24,-3.4853
iter2_trend_filter,BTC,5m,candle_pattern,True,0.02,0.01,1665,296,35.81,-217.31,-0.73,246.52,-3.0681
iter2_trend_filter,BTC,15m,rsi_oversold,True,0.02,0.01,2,2,50.0,-2.12,-1.06,0.0,-0.3384
iter2_trend_filter,BTC,15m,macd_cross,True,0.02,0.01,138,75,34.67,-87.36,-1.16,84.7,-1.8584
iter2_trend_filter,BTC,15m,ema_cross,True,0.02,0.01,86,60,35.0,-72.41,-1.21,74.08,-1.6719
iter2_trend_filter,BTC,15m,bollinger_bounce,True,0.02,0.01,55,36,50.0,18.16,0.5,18.84,0.5067
iter2_trend_filter,BTC,15m,support_bounce,True,0.02,0.01,538,84,34.52,-61.05,-0.73,60.12,-1.1622
iter2_trend_filter,BTC,15m,candle_pattern,True,0.02,0.01,449,109,32.11,-129.69,-1.19,127.65,-2.279
iter2_trend_filter,BTC,1h,rsi_oversold,True,0.02,0.01,1,1,100.0,9.5,9.5,0.0,0.0
iter2_trend_filter,BTC,1h,macd_cross,True,0.02,0.01,29,21,23.81,-44.67,-2.13,55.33,-1.6615
iter2_trend_filter,BTC,1h,ema_cross,True,0.02,0.01,17,16,25.0,-22.78,-1.42,38.5,-0.8856
iter2_trend_filter,BTC,1h,bollinger_bounce,True,0.02,0.01,7,6,16.67,-26.29,-4.38,20.79,-4.2884
iter2_trend_filter,BTC,1h,support_bounce,True,0.02,0.01,47,18,33.33,-17.02,-0.95,49.52,-0.6015
iter2_trend_filter,BTC,1h,candle_pattern,True,0.02,0.01,77,30,30.0,-32.96,-1.1,50.83,-0.9148
iter2_trend_filter,BTC,4h,macd_cross,True,0.02,0.01,1,1,100.0,9.5,9.5,0.0,0.0
iter2_trend_filter,BTC,4h,ema_cross,True,0.02,0.01,1,1,0.0,-5.5,-5.5,0.0,0.0
iter2_trend_filter,BTC,4h,bollinger_bounce,True,0.02,0.01,1,1,0.0,-5.5,-5.5,0.0,0.0
iter2_trend_filter,BTC,4h,support_bounce,True,0.02,0.01,4,3,0.0,-16.5,-5.5,11.0,0.0
iter2_trend_filter,BTC,4h,candle_pattern,True,0.02,0.01,17,12,25.0,-21.0,-1.75,30.5,-0.9333
iter2_trend_filter,ETH,5m,rsi_oversold,True,0.02,0.01,40,24,45.83,-29.29,-1.22,44.28,-1.5567
iter2_trend_filter,ETH,5m,macd_cross,True,0.02,0.01,496,243,40.33,-129.65,-0.53,192.15,-1.6724
iter2_trend_filter,ETH,5m,ema_cross,True,0.02,0.01,324,197,40.61,-107.66,-0.55,129.11,-1.6357
iter2_trend_filter,ETH,5m,bollinger_bounce,True,0.02,0.01,204,126,35.71,-129.98,-1.03,146.8,-2.398
iter2_trend_filter,ETH,5m,support_bounce,True,0.02,0.01,2945,298,39.6,-214.68,-0.72,261.8,-2.64
iter2_trend_filter,ETH,5m,candle_pattern,True,0.02,0.01,1599,341,39.88,-219.12,-0.64,271.91,-2.393
iter2_trend_filter,ETH,15m,rsi_oversold,True,0.02,0.01,16,7,42.86,1.46,0.21,11.0,0.0813
iter2_trend_filter,ETH,15m,macd_cross,True,0.02,0.01,149,77,40.26,0.13,0.0,32.03,0.0024
iter2_trend_filter,ETH,15m,ema_cross,True,0.02,0.01,99,66,30.3,-84.4,-1.28,78.9,-1.7515
iter2_trend_filter,ETH,15m,bollinger_bounce,True,0.02,0.01,58,43,51.16,28.63,0.67,21.43,0.7174
iter2_trend_filter,ETH,15m,support_bounce,True,0.02,0.01,485,91,42.86,-36.0,-0.4,61.76,-0.6237
iter2_trend_filter,ETH,15m,candle_pattern,True,0.02,0.01,476,140,33.57,-174.73,-1.25,204.23,-2.4774
iter2_trend_filter,ETH,1h,rsi_oversold,True,0.02,0.01,3,2,0.0,-11.0,-5.5,5.5,0.0
iter2_trend_filter,ETH,1h,macd_cross,True,0.02,0.01,26,21,28.57,-25.5,-1.21,41.5,-0.8212
iter2_trend_filter,ETH,1h,ema_cross,True,0.02,0.01,8,8,37.5,1.0,0.12,16.5,0.0487
iter2_trend_filter,ETH,1h,bollinger_bounce,True,0.02,0.01,6,6,33.33,-3.0,-0.5,11.0,-0.1732
iter2_trend_filter,ETH,1h,support_bounce,True,0.02,0.01,28,15,46.67,22.5,1.5,22.0,0.7763
iter2_trend_filter,ETH,1h,candle_pattern,True,0.02,0.01,77,37,32.43,-29.89,-0.81,59.5,-0.7177
iter2_trend_filter,ETH,4h,macd_cross,True,0.02,0.01,1,1,100.0,9.5,9.5,0.0,0.0
iter2_trend_filter,ETH,4h,ema_cross,True,0.02,0.01,2,2,50.0,4.0,2.0,0.0,0.3771
iter2_trend_filter,ETH,4h,bollinger_bounce,True,0.02,0.01,1,1,0.0,-5.5,-5.5,0.0,0.0
iter2_trend_filter,ETH,4h,support_bounce,True,0.02,0.01,3,3,0.0,-16.5,-5.5,11.0,0.0
iter2_trend_filter,ETH,4h,candle_pattern,True,0.02,0.01,12,7,42.86,6.5,0.93,16.5,0.331
iter3_tp15sl5,BTC,5m,rsi_oversold,True,0.015,0.005,34,18,44.44,4.23,0.24,13.97,0.3181
iter3_tp15sl5,BTC,5m,macd_cross,True,0.015,0.005,489,263,30.8,-158.12,-0.6,168.63,-3.0169
iter3_tp15sl5,BTC,5m,ema_cross,True,0.015,0.005,292,184,32.07,-126.3,-0.69,135.41,-3.0146
iter3_tp15sl5,BTC,5m,bollinger_bounce,True,0.015,0.005,219,140,34.29,-73.74,-0.53,91.33,-1.8804
iter3_tp15sl5,BTC,5m,support_bounce,True,0.015,0.005,3427,351,30.2,-255.8,-0.73,271.77,-4.3896
iter3_tp15sl5,BTC,5m,candle_pattern,True,0.015,0.005,1665,383,27.94,-319.96,-0.84,343.63,-5.1523
iter3_tp15sl5,BTC,15m,rsi_oversold,True,0.015,0.005,2,2,50.0,0.38,0.19,0.0,0.0834
iter3_tp15sl5,BTC,15m,macd_cross,True,0.015,0.005,138,92,23.91,-96.27,-1.05,100.78,-2.8104
iter3_tp15sl5,BTC,15m,ema_cross,True,0.015,0.005,86,73,24.66,-61.94,-0.85,58.94,-1.8931
iter3_tp15sl5,BTC,15m,bollinger_bounce,True,0.015,0.005,55,42,30.95,-14.2,-0.34,31.34,-0.5421
iter3_tp15sl5,BTC,15m,support_bounce,True,0.015,0.005,538,112,27.68,-62.45,-0.56,77.0,-1.4767
iter3_tp15sl5,BTC,15m,candle_pattern,True,0.015,0.005,449,158,19.62,-203.4,-1.29,204.6,-4.6421
iter3_tp15sl5,BTC,1h,rsi_oversold,True,0.015,0.005,1,1,100.0,7.0,7.0,0.0,0.0
iter3_tp15sl5,BTC,1h,macd_cross,True,0.015,0.005,29,26,19.23,-28.0,-1.08,35.0,-1.3933
iter3_tp15sl5,BTC,1h,ema_cross,True,0.015,0.005,17,17,23.53,-11.0,-0.65,15.0,-0.6289
iter3_tp15sl5,BTC,1h,bollinger_bounce,True,0.015,0.005,7,6,50.0,6.21,1.04,4.79,0.5672
iter3_tp15sl5,BTC,1h,support_bounce,True,0.015,0.005,47,20,30.0,-5.52,-0.28,22.52,-0.2862
iter3_tp15sl5,BTC,1h,candle_pattern,True,0.015,0.005,77,40,25.0,-20.0,-0.5,39.0,-0.7303
iter3_tp15sl5,BTC,4h,macd_cross,True,0.015,0.005,1,1,0.0,-3.0,-3.0,0.0,0.0
iter3_tp15sl5,BTC,4h,ema_cross,True,0.015,0.005,1,1,0.0,-3.0,-3.0,0.0,0.0
iter3_tp15sl5,BTC,4h,bollinger_bounce,True,0.015,0.005,1,1,0.0,-3.0,-3.0,0.0,0.0
iter3_tp15sl5,BTC,4h,support_bounce,True,0.015,0.005,4,3,0.0,-9.0,-3.0,6.0,0.0
iter3_tp15sl5,BTC,4h,candle_pattern,True,0.015,0.005,17,13,7.69,-29.0,-2.23,36.0,-3.0184
iter3_tp15sl5,ETH,5m,rsi_oversold,True,0.015,0.005,40,26,38.46,-1.11,-0.04,31.9,-0.0564
iter3_tp15sl5,ETH,5m,macd_cross,True,0.015,0.005,496,287,32.4,-169.74,-0.59,221.71,-2.8514
iter3_tp15sl5,ETH,5m,ema_cross,True,0.015,0.005,324,233,30.47,-161.47,-0.69,181.38,-3.108
iter3_tp15sl5,ETH,5m,bollinger_bounce,True,0.015,0.005,204,147,29.25,-122.27,-0.83,143.93,-3.0345
iter3_tp15sl5,ETH,5m,support_bounce,True,0.015,0.005,2945,395,31.39,-236.57,-0.6,290.78,-3.3764
iter3_tp15sl5,ETH,5m,candle_pattern,True,0.015,0.005,1599,459,27.45,-347.17,-0.76,379.81,-4.5995
iter3_tp15sl5,ETH,15m,rsi_oversold,True,0.015,0.005,16,9,33.33,0.46,0.05,9.0,0.0348
iter3_tp15sl5,ETH,15m,macd_cross,True,0.015,0.005,149,110,29.09,-42.17,-0.38,59.17,-0.9484
iter3_tp15sl5,ETH,15m,ema_cross,True,0.015,0.005,99,82,20.73,-85.96,-1.05,93.96,-2.5045
iter3_tp15sl5,ETH,15m,bollinger_bounce,True,0.015,0.005,58,54,31.48,-7.79,-0.14,33.82,-0.2484
iter3_tp15sl5,ETH,15m,support_bounce,True,0.015,0.005,485,132,28.79,-47.0,-0.36,60.82,-0.9682
iter3_tp15sl5,ETH,15m,candle_pattern,True,0.015,0.005,476,200,25.0,-145.68,-0.73,171.68,-2.5599
iter3_tp15sl5,ETH,1h,rsi_oversold,True,0.015,0.005,3,2,0.0,-6.0,-3.0,3.0,0.0
iter3_tp15sl5,ETH,1h,macd_cross,True,0.015,0.005,26,23,26.09,-9.0,-0.39,22.0,-0.4274
iter3_tp15sl5,ETH,1h,ema_cross,True,0.015,0.005,8,8,37.5,6.0,0.75,6.0,0.4382
iter3_tp15sl5,ETH,1h,bollinger_bounce,True,0.015,0.005,6,6,33.33,2.0,0.33,6.0,0.1732
iter3_tp15sl5,ETH,1h,support_bounce,True,0.015,0.005,28,21,28.57,-3.0,-0.14,17.0,-0.1449
iter3_tp15sl5,ETH,1h,candle_pattern,True,0.015,0.005,77,52,25.0,-26.0,-0.5,51.0,-0.8327
iter3_tp15sl5,ETH,4h,macd_cross,True,0.015,0.005,1,1,100.0,7.0,7.0,0.0,0.0
iter3_tp15sl5,ETH,4h,ema_cross,True,0.015,0.005,2,2,50.0,4.0,2.0,0.0,0.5657
iter3_tp15sl5,ETH,4h,bollinger_bounce,True,0.015,0.005,1,1,0.0,-3.0,-3.0,0.0,0.0
iter3_tp15sl5,ETH,4h,support_bounce,True,0.015,0.005,3,3,0.0,-9.0,-3.0,6.0,0.0
iter3_tp15sl5,ETH,4h,candle_pattern,True,0.015,0.005,12,9,33.33,3.0,0.33,12.0,0.2121
iter3_tp20sl7,BTC,5m,rsi_oversold,True,0.02,0.007,34,17,47.06,-7.05,-0.41,18.83,-0.5362
iter3_tp20sl7,BTC,5m,macd_cross,True,0.02,0.007,489,244,33.61,-173.58,-0.71,195.99,-2.8683
iter3_tp20sl7,BTC,5m,ema_cross,True,0.02,0.007,292,174,33.91,-150.87,-0.87,159.83,-3.2818
iter3_tp20sl7,BTC,5m,bollinger_bounce,True,0.02,0.007,219,127,35.43,-80.3,-0.63,104.82,-1.7778
iter3_tp20sl7,BTC,5m,support_bounce,True,0.02,0.007,3427,312,33.33,-265.22,-0.85,288.94,-4.1587
iter3_tp20sl7,BTC,5m,candle_pattern,True,0.02,0.007,1665,329,30.09,-310.99,-0.95,325.02,-4.6212
iter3_tp20sl7,BTC,15m,rsi_oversold,True,0.02,0.007,2,2,50.0,-0.62,-0.31,0.0,-0.1196
iter3_tp20sl7,BTC,15m,macd_cross,True,0.02,0.007,138,82,28.05,-84.58,-1.03,91.93,-1.9544
iter3_tp20sl7,BTC,15m,ema_cross,True,0.02,0.007,86,67,28.36,-71.58,-1.07,67.58,-1.852
iter3_tp20sl7,BTC,15m,bollinger_bounce,True,0.02,0.007,55,39,41.03,7.82,0.2,30.91,0.2376
iter3_tp20sl7,BTC,15m,support_bounce,True,0.02,0.007,538,94,30.85,-65.08,-0.69,68.62,-1.3614
iter3_tp20sl7,BTC,15m,candle_pattern,True,0.02,0.007,449,128,25.78,-142.33,-1.11,138.33,-2.6584
iter3_tp20sl7,BTC,1h,rsi_oversold,True,0.02,0.007,1,1,100.0,9.5,9.5,0.0,0.0
iter3_tp20sl7,BTC,1h,macd_cross,True,0.02,0.007,29,26,15.38,-50.0,-1.92,59.5,-2.0132
iter3_tp20sl7,BTC,1h,ema_cross,True,0.02,0.007,17,17,17.65,-27.5,-1.62,32.0,-1.296
iter3_tp20sl7,BTC,1h,bollinger_bounce,True,0.02,0.007,7,6,16.67,-18.79,-3.13,14.79,-3.9464
iter3_tp20sl7,BTC,1h,support_bounce,True,0.02,0.007,47,18,27.78,-12.52,-0.7,46.52,-0.5278
iter3_tp20sl7,BTC,1h,candle_pattern,True,0.02,0.007,77,33,21.21,-37.5,-1.14,53.0,-1.1828
iter3_tp20sl7,BTC,4h,macd_cross,True,0.02,0.007,1,1,0.0,-4.0,-4.0,0.0,0.0
iter3_tp20sl7,BTC,4h,ema_cross,True,0.02,0.007,1,1,0.0,-4.0,-4.0,0.0,0.0
iter3_tp20sl7,BTC,4h,bollinger_bounce,True,0.02,0.007,1,1,0.0,-4.0,-4.0,0.0,0.0
iter3_tp20sl7,BTC,4h,support_bounce,True,0.02,0.007,4,3,0.0,-12.0,-4.0,8.0,0.0
iter3_tp20sl7,BTC,4h,candle_pattern,True,0.02,0.007,17,13,15.38,-25.0,-1.92,34.5,-1.4235
iter3_tp20sl7,ETH,5m,rsi_oversold,True,0.02,0.007,40,24,37.5,-26.45,-1.1,42.94,-1.6358
iter3_tp20sl7,ETH,5m,macd_cross,True,0.02,0.007,496,264,35.23,-162.7,-0.62,225.31,-2.295
iter3_tp20sl7,ETH,5m,ema_cross,True,0.02,0.007,324,209,35.89,-110.95,-0.53,139.01,-1.8037
iter3_tp20sl7,ETH,5m,bollinger_bounce,True,0.02,0.007,204,132,33.33,-97.89,-0.74,118.83,-2.061
iter3_tp20sl7,ETH,5m,support_bounce,True,0.02,0.007,2945,327,36.39,-216.02,-0.66,252.36,-2.8741
iter3_tp20sl7,ETH,5m,candle_pattern,True,0.02,0.007,1599,374,33.96,-242.96,-0.65,294.13,-2.8815
iter3_tp20sl7,ETH,15m,rsi_oversold,True,0.02,0.007,16,7,42.86,7.46,1.07,8.0,0.4657
iter3_tp20sl7,ETH,15m,macd_cross,True,0.02,0.007,149,91,29.67,-49.22,-0.54,61.72,-0.9642
iter3_tp20sl7,ETH,15m,ema_cross,True,0.02,0.007,99,73,26.03,-77.88,-1.07,74.61,-1.8195
iter3_tp20sl7,ETH,15m,bollinger_bounce,True,0.02,0.007,58,50,44.0,37.9,0.76,23.43,0.9298
iter3_tp20sl7,ETH,15m,support_bounce,True,0.02,0.007,485,106,33.02,-34.34,-0.32,46.25,-0.6156
iter3_tp20sl7,ETH,15m,candle_pattern,True,0.02,0.007,476,155,30.32,-89.63,-0.58,110.63,-1.347
iter3_tp20sl7,ETH,1h,rsi_oversold,True,0.02,0.007,3,2,0.0,-8.0,-4.0,4.0,0.0
iter3_tp20sl7,ETH,1h,macd_cross,True,0.02,0.007,26,21,28.57,-3.0,-0.14,25.0,-0.1073
iter3_tp20sl7,ETH,1h,ema_cross,True,0.02,0.007,8,8,37.5,8.5,1.06,12.0,0.4598
iter3_tp20sl7,ETH,1h,bollinger_bounce,True,0.02,0.007,6,6,33.33,3.0,0.5,8.0,0.1925
iter3_tp20sl7,ETH,1h,support_bounce,True,0.02,0.007,28,16,31.25,3.5,0.22,17.0,0.1398
iter3_tp20sl7,ETH,1h,candle_pattern,True,0.02,0.007,77,41,24.39,-29.0,-0.71,53.0,-0.7812
iter3_tp20sl7,ETH,4h,macd_cross,True,0.02,0.007,1,1,100.0,9.5,9.5,0.0,0.0
iter3_tp20sl7,ETH,4h,ema_cross,True,0.02,0.007,2,2,50.0,5.5,2.75,0.0,0.5762
iter3_tp20sl7,ETH,4h,bollinger_bounce,True,0.02,0.007,1,1,0.0,-4.0,-4.0,0.0,0.0
iter3_tp20sl7,ETH,4h,support_bounce,True,0.02,0.007,3,3,0.0,-12.0,-4.0,8.0,0.0
iter3_tp20sl7,ETH,4h,candle_pattern,True,0.02,0.007,12,7,42.86,12.5,1.79,12.0,0.7072
iter3_tp20sl10,BTC,5m,rsi_oversold,True,0.02,0.01,34,15,53.33,-5.08,-0.34,18.12,-0.3924
iter3_tp20sl10,BTC,5m,macd_cross,True,0.02,0.01,489,224,38.39,-125.09,-0.56,143.99,-1.9508
iter3_tp20sl10,BTC,5m,ema_cross,True,0.02,0.01,292,165,36.97,-153.03,-0.93,161.99,-3.0969
iter3_tp20sl10,BTC,5m,bollinger_bounce,True,0.02,0.01,219,122,40.98,-64.08,-0.53,89.21,-1.3488
iter3_tp20sl10,BTC,5m,support_bounce,True,0.02,0.01,3427,285,34.74,-237.44,-0.83,255.24,-3.4853
iter3_tp20sl10,BTC,5m,candle_pattern,True,0.02,0.01,1665,296,35.81,-217.31,-0.73,246.52,-3.0681
iter3_tp20sl10,BTC,15m,rsi_oversold,True,0.02,0.01,2,2,50.0,-2.12,-1.06,0.0,-0.3384
iter3_tp20sl10,BTC,15m,macd_cross,True,0.02,0.01,138,75,34.67,-87.36,-1.16,84.7,-1.8584
iter3_tp20sl10,BTC,15m,ema_cross,True,0.02,0.01,86,60,35.0,-72.41,-1.21,74.08,-1.6719
iter3_tp20sl10,BTC,15m,bollinger_bounce,True,0.02,0.01,55,36,50.0,18.16,0.5,18.84,0.5067
iter3_tp20sl10,BTC,15m,support_bounce,True,0.02,0.01,538,84,34.52,-61.05,-0.73,60.12,-1.1622
iter3_tp20sl10,BTC,15m,candle_pattern,True,0.02,0.01,449,109,32.11,-129.69,-1.19,127.65,-2.279
iter3_tp20sl10,BTC,1h,rsi_oversold,True,0.02,0.01,1,1,100.0,9.5,9.5,0.0,0.0
iter3_tp20sl10,BTC,1h,macd_cross,True,0.02,0.01,29,21,23.81,-44.67,-2.13,55.33,-1.6615
iter3_tp20sl10,BTC,1h,ema_cross,True,0.02,0.01,17,16,25.0,-22.78,-1.42,38.5,-0.8856
iter3_tp20sl10,BTC,1h,bollinger_bounce,True,0.02,0.01,7,6,16.67,-26.29,-4.38,20.79,-4.2884
iter3_tp20sl10,BTC,1h,support_bounce,True,0.02,0.01,47,18,33.33,-17.02,-0.95,49.52,-0.6015
iter3_tp20sl10,BTC,1h,candle_pattern,True,0.02,0.01,77,30,30.0,-32.96,-1.1,50.83,-0.9148
iter3_tp20sl10,BTC,4h,macd_cross,True,0.02,0.01,1,1,100.0,9.5,9.5,0.0,0.0
iter3_tp20sl10,BTC,4h,ema_cross,True,0.02,0.01,1,1,0.0,-5.5,-5.5,0.0,0.0
iter3_tp20sl10,BTC,4h,bollinger_bounce,True,0.02,0.01,1,1,0.0,-5.5,-5.5,0.0,0.0
iter3_tp20sl10,BTC,4h,support_bounce,True,0.02,0.01,4,3,0.0,-16.5,-5.5,11.0,0.0
iter3_tp20sl10,BTC,4h,candle_pattern,True,0.02,0.01,17,12,25.0,-21.0,-1.75,30.5,-0.9333
iter3_tp20sl10,ETH,5m,rsi_oversold,True,0.02,0.01,40,24,45.83,-29.29,-1.22,44.28,-1.5567
iter3_tp20sl10,ETH,5m,macd_cross,True,0.02,0.01,496,243,40.33,-129.65,-0.53,192.15,-1.6724
iter3_tp20sl10,ETH,5m,ema_cross,True,0.02,0.01,324,197,40.61,-107.66,-0.55,129.11,-1.6357
iter3_tp20sl10,ETH,5m,bollinger_bounce,True,0.02,0.01,204,126,35.71,-129.98,-1.03,146.8,-2.398
iter3_tp20sl10,ETH,5m,support_bounce,True,0.02,0.01,2945,298,39.6,-214.68,-0.72,261.8,-2.64
iter3_tp20sl10,ETH,5m,candle_pattern,True,0.02,0.01,1599,341,39.88,-219.12,-0.64,271.91,-2.393
iter3_tp20sl10,ETH,15m,rsi_oversold,True,0.02,0.01,16,7,42.86,1.46,0.21,11.0,0.0813
iter3_tp20sl10,ETH,15m,macd_cross,True,0.02,0.01,149,77,40.26,0.13,0.0,32.03,0.0024
iter3_tp20sl10,ETH,15m,ema_cross,True,0.02,0.01,99,66,30.3,-84.4,-1.28,78.9,-1.7515
iter3_tp20sl10,ETH,15m,bollinger_bounce,True,0.02,0.01,58,43,51.16,28.63,0.67,21.43,0.7174
iter3_tp20sl10,ETH,15m,support_bounce,True,0.02,0.01,485,91,42.86,-36.0,-0.4,61.76,-0.6237
iter3_tp20sl10,ETH,15m,candle_pattern,True,0.02,0.01,476,140,33.57,-174.73,-1.25,204.23,-2.4774
iter3_tp20sl10,ETH,1h,rsi_oversold,True,0.02,0.01,3,2,0.0,-11.0,-5.5,5.5,0.0
iter3_tp20sl10,ETH,1h,macd_cross,True,0.02,0.01,26,21,28.57,-25.5,-1.21,41.5,-0.8212
iter3_tp20sl10,ETH,1h,ema_cross,True,0.02,0.01,8,8,37.5,1.0,0.12,16.5,0.0487
iter3_tp20sl10,ETH,1h,bollinger_bounce,True,0.02,0.01,6,6,33.33,-3.0,-0.5,11.0,-0.1732
iter3_tp20sl10,ETH,1h,support_bounce,True,0.02,0.01,28,15,46.67,22.5,1.5,22.0,0.7763
iter3_tp20sl10,ETH,1h,candle_pattern,True,0.02,0.01,77,37,32.43,-29.89,-0.81,59.5,-0.7177
iter3_tp20sl10,ETH,4h,macd_cross,True,0.02,0.01,1,1,100.0,9.5,9.5,0.0,0.0
iter3_tp20sl10,ETH,4h,ema_cross,True,0.02,0.01,2,2,50.0,4.0,2.0,0.0,0.3771
iter3_tp20sl10,ETH,4h,bollinger_bounce,True,0.02,0.01,1,1,0.0,-5.5,-5.5,0.0,0.0
iter3_tp20sl10,ETH,4h,support_bounce,True,0.02,0.01,3,3,0.0,-16.5,-5.5,11.0,0.0
iter3_tp20sl10,ETH,4h,candle_pattern,True,0.02,0.01,12,7,42.86,6.5,0.93,16.5,0.331
iter3_tp30sl10,BTC,5m,rsi_oversold,True,0.03,0.01,34,15,53.33,-5.08,-0.34,18.12,-0.3924
iter3_tp30sl10,BTC,5m,macd_cross,True,0.03,0.01,489,221,37.56,-133.46,-0.6,157.86,-1.9951
iter3_tp30sl10,BTC,5m,ema_cross,True,0.03,0.01,292,165,36.97,-167.05,-1.01,176.02,-3.4151
iter3_tp30sl10,BTC,5m,bollinger_bounce,True,0.03,0.01,219,122,40.16,-79.87,-0.65,109.0,-1.7349
iter3_tp30sl10,BTC,5m,support_bounce,True,0.03,0.01,3427,282,33.33,-265.49,-0.94,293.16,-3.9257
iter3_tp30sl10,BTC,5m,candle_pattern,True,0.03,0.01,1665,288,34.72,-187.71,-0.65,221.93,-2.5061
iter3_tp30sl10,BTC,15m,rsi_oversold,True,0.03,0.01,2,2,50.0,-2.12,-1.06,0.0,-0.3384
iter3_tp30sl10,BTC,15m,macd_cross,True,0.03,0.01,138,75,33.33,-87.27,-1.16,89.88,-1.6979
iter3_tp30sl10,BTC,15m,ema_cross,True,0.03,0.01,86,59,32.2,-83.37,-1.41,77.87,-1.8785
iter3_tp30sl10,BTC,15m,bollinger_bounce,True,0.03,0.01,55,35,48.57,11.23,0.32,18.84,0.3224
iter3_tp30sl10,BTC,15m,support_bounce,True,0.03,0.01,538,80,31.25,-81.59,-1.02,80.66,-1.5661
iter3_tp30sl10,BTC,15m,candle_pattern,True,0.03,0.01,449,102,28.43,-152.76,-1.5,160.61,-2.6427
iter3_tp30sl10,BTC,1h,rsi_oversold,True,0.03,0.01,1,1,0.0,-5.5,-5.5,0.0,0.0
iter3_tp30sl10,BTC,1h,macd_cross,True,0.03,0.01,29,21,19.05,-44.67,-2.13,60.33,-1.3968
iter3_tp30sl10,BTC,1h,ema_cross,True,0.03,0.01,17,16,6.25,-62.78,-3.92,57.28,-3.1889
iter3_tp30sl10,BTC,1h,bollinger_bounce,True,0.03,0.01,7,6,16.67,-26.29,-4.38,20.79,-4.2884
iter3_tp30sl10,BTC,1h,support_bounce,True,0.03,0.01,47,18,16.67,-52.02,-2.89,46.52,-1.9303
iter3_tp30sl10,BTC,1h,candle_pattern,True,0.03,0.01,77,26,15.38,-70.96,-2.73,65.46,-2.1596
iter3_tp30sl10,BTC,4h,macd_cross,True,0.03,0.01,1,1,100.0,14.5,14.5,0.0,0.0
iter3_tp30sl10,BTC,4h,ema_cross,True,0.03,0.01,1,1,0.0,-5.5,-5.5,0.0,0.0
iter3_tp30sl10,BTC,4h,bollinger_bounce,True,0.03,0.01,1,1,0.0,-5.5,-5.5,0.0,0.0
iter3_tp30sl10,BTC,4h,support_bounce,True,0.03,0.01,4,3,0.0,-16.5,-5.5,11.0,0.0
iter3_tp30sl10,BTC,4h,candle_pattern,True,0.03,0.01,17,11,18.18,-20.5,-1.86,35.0,-0.8013
iter3_tp30sl10,ETH,5m,rsi_oversold,True,0.03,0.01,40,24,45.83,-29.29,-1.22,44.28,-1.5567
iter3_tp30sl10,ETH,5m,macd_cross,True,0.03,0.01,496,236,39.83,-116.35,-0.49,194.39,-1.4087
iter3_tp30sl10,ETH,5m,ema_cross,True,0.03,0.01,324,196,39.8,-127.44,-0.65,160.37,-1.8778
iter3_tp30sl10,ETH,5m,bollinger_bounce,True,0.03,0.01,204,124,34.68,-126.99,-1.02,149.49,-2.1759
iter3_tp30sl10,ETH,5m,support_bounce,True,0.03,0.01,2945,290,38.97,-214.34,-0.74,276.32,-2.5765
iter3_tp30sl10,ETH,5m,candle_pattern,True,0.03,0.01,1599,323,38.08,-271.31,-0.84,332.09,-2.9861
iter3_tp30sl10,ETH,15m,rsi_oversold,True,0.03,0.01,16,7,42.86,1.64,0.23,11.0,0.0852
iter3_tp30sl10,ETH,15m,macd_cross,True,0.03,0.01,149,74,33.78,-54.3,-0.73,60.85,-1.0212
iter3_tp30sl10,ETH,15m,ema_cross,True,0.03,0.01,99,65,24.62,-137.29,-2.11,131.79,-2.9946
iter3_tp30sl10,ETH,15m,bollinger_bounce,True,0.03,0.01,58,41,51.22,31.27,0.76,22.0,0.7278
iter3_tp30sl10,ETH,15m,support_bounce,True,0.03,0.01,485,87,41.38,-42.37,-0.49,65.5,-0.7026
iter3_tp30sl10,ETH,15m,candle_pattern,True,0.03,0.01,476,122,31.15,-152.5,-1.25,188.5,-2.1195
iter3_tp30sl10,ETH,1h,rsi_oversold,True,0.03,0.01,3,2,0.0,-11.0,-5.5,5.5,0.0
iter3_tp30sl10,ETH,1h,macd_cross,True,0.03,0.01,26,21,14.29,-52.16,-2.48,48.16,-1.6331
iter3_tp30sl10,ETH,1h,ema_cross,True,0.03,0.01,8,8,37.5,16.0,2.0,16.5,0.5842
iter3_tp30sl10,ETH,1h,bollinger_bounce,True,0.03,0.01,6,6,16.67,-18.15,-3.02,12.65,-1.3385
iter3_tp30sl10,ETH,1h,support_bounce,True,0.03,0.01,28,15,26.67,-7.65,-0.51,40.15,-0.2363
iter3_tp30sl10,ETH,1h,candle_pattern,True,0.03,0.01,77,34,26.47,-23.76,-0.7,53.37,-0.4949
iter3_tp30sl10,ETH,4h,macd_cross,True,0.03,0.01,1,1,0.0,-5.5,-5.5,0.0,0.0
iter3_tp30sl10,ETH,4h,ema_cross,True,0.03,0.01,2,2,50.0,9.0,4.5,0.0,0.6364
iter3_tp30sl10,ETH,4h,bollinger_bounce,True,0.03,0.01,1,1,0.0,-5.5,-5.5,0.0,0.0
iter3_tp30sl10,ETH,4h,support_bounce,True,0.03,0.01,3,3,0.0,-16.5,-5.5,11.0,0.0
iter3_tp30sl10,ETH,4h,candle_pattern,True,0.03,0.01,12,6,16.67,-13.0,-2.17,27.5,-0.712
iter3_tp30sl15,BTC,5m,rsi_oversold,True,0.03,0.015,34,15,53.33,-9.68,-0.65,22.72,-0.6431
iter3_tp30sl15,BTC,5m,macd_cross,True,0.03,0.015,489,212,37.74,-115.87,-0.55,149.12,-1.636
iter3_tp30sl15,BTC,5m,ema_cross,True,0.03,0.015,292,157,39.49,-137.99,-0.88,148.01,-2.6809
iter3_tp30sl15,BTC,5m,bollinger_bounce,True,0.03,0.015,219,115,40.0,-83.3,-0.72,108.85,-1.747
iter3_tp30sl15,BTC,5m,support_bounce,True,0.03,0.015,3427,270,35.56,-242.68,-0.9,277.15,-3.4388
iter3_tp30sl15,BTC,5m,candle_pattern,True,0.03,0.015,1665,279,34.77,-235.76,-0.85,270.35,-2.9705
iter3_tp30sl15,BTC,15m,rsi_oversold,True,0.03,0.015,2,2,50.0,-2.0,-1.0,0.0,-0.3229
iter3_tp30sl15,BTC,15m,macd_cross,True,0.03,0.015,138,67,35.82,-107.43,-1.6,110.27,-1.9921
iter3_tp30sl15,BTC,15m,ema_cross,True,0.03,0.015,86,48,43.75,-51.24,-1.07,50.81,-1.1728
iter3_tp30sl15,BTC,15m,bollinger_bounce,True,0.03,0.015,55,31,58.06,37.27,1.2,16.0,1.0885
iter3_tp30sl15,BTC,15m,support_bounce,True,0.03,0.015,538,73,35.62,-85.1,-1.17,90.53,-1.5118
iter3_tp30sl15,BTC,15m,candle_pattern,True,0.03,0.015,449,93,32.26,-162.58,-1.75,170.84,-2.5317
iter3_tp30sl15,BTC,1h,rsi_oversold,True,0.03,0.015,1,1,0.0,-8.0,-8.0,0.0,0.0
iter3_tp30sl15,BTC,1h,macd_cross,True,0.03,0.015,29,18,27.78,-45.01,-2.5,60.67,-1.2841
iter3_tp30sl15,BTC,1h,ema_cross,True,0.03,0.015,17,13,23.08,-49.91,-3.84,41.91,-1.6921
iter3_tp30sl15,BTC,1h,bollinger_bounce,True,0.03,0.015,7,5,20.0,-12.37,-2.47,18.87,-0.6347
iter3_tp30sl15,BTC,1h,support_bounce,True,0.03,0.015,47,16,18.75,-60.61,-3.79,53.8,-2.0066
iter3_tp30sl15,BTC,1h,candle_pattern,True,0.03,0.015,77,23,21.74,-78.81,-3.43,71.56,-2.151
iter3_tp30sl15,BTC,4h,macd_cross,True,0.03,0.015,1,1,100.0,14.5,14.5,0.0,0.0
iter3_tp30sl15,BTC,4h,ema_cross,True,0.03,0.015,1,1,0.0,-8.0,-8.0,0.0,0.0
iter3_tp30sl15,BTC,4h,bollinger_bounce,True,0.03,0.015,1,1,0.0,-8.0,-8.0,0.0,0.0
iter3_tp30sl15,BTC,4h,support_bounce,True,0.03,0.015,4,3,33.33,-1.5,-0.5,8.0,-0.0816
iter3_tp30sl15,BTC,4h,candle_pattern,True,0.03,0.015,17,8,25.0,-19.0,-2.38,33.5,-0.6895
iter3_tp30sl15,ETH,5m,rsi_oversold,True,0.03,0.015,40,24,45.83,-22.99,-0.96,35.67,-1.1651
iter3_tp30sl15,ETH,5m,macd_cross,True,0.03,0.015,496,219,43.38,-61.44,-0.28,178.61,-0.6915
iter3_tp30sl15,ETH,5m,ema_cross,True,0.03,0.015,324,190,41.58,-155.28,-0.82,180.71,-2.0604
iter3_tp30sl15,ETH,5m,bollinger_bounce,True,0.03,0.015,204,120,40.0,-138.75,-1.16,162.5,-2.1553
iter3_tp30sl15,ETH,5m,support_bounce,True,0.03,0.015,2945,275,41.82,-203.12,-0.74,252.04,-2.2731
iter3_tp30sl15,ETH,5m,candle_pattern,True,0.03,0.015,1599,303,39.93,-275.07,-0.91,334.0,-2.8633
iter3_tp30sl15,ETH,15m,rsi_oversold,True,0.03,0.015,16,7,42.86,-8.36,-1.19,16.0,-0.3744
iter3_tp30sl15,ETH,15m,macd_cross,True,0.03,0.015,149,66,45.45,-28.95,-0.44,44.07,-0.5038
iter3_tp30sl15,ETH,15m,ema_cross,True,0.03,0.015,99,55,36.36,-58.28,-1.06,89.84,-1.1296
iter3_tp30sl15,ETH,15m,bollinger_bounce,True,0.03,0.015,58,36,58.33,43.76,1.22,26.5,0.9717
iter3_tp30sl15,ETH,15m,support_bounce,True,0.03,0.015,485,78,47.44,-68.35,-0.88,76.85,-1.0463
iter3_tp30sl15,ETH,15m,candle_pattern,True,0.03,0.015,476,101,35.64,-97.95,-0.97,123.95,-1.2301
iter3_tp30sl15,ETH,1h,rsi_oversold,True,0.03,0.015,3,2,0.0,-16.0,-8.0,8.0,0.0
iter3_tp30sl15,ETH,1h,macd_cross,True,0.03,0.015,26,18,22.22,-55.49,-3.08,51.66,-1.5116
iter3_tp30sl15,ETH,1h,ema_cross,True,0.03,0.015,8,7,42.86,-2.66,-0.38,24.0,-0.1023
iter3_tp30sl15,ETH,1h,bollinger_bounce,True,0.03,0.015,6,6,16.67,-30.65,-5.11,22.65,-1.9348
iter3_tp30sl15,ETH,1h,support_bounce,True,0.03,0.015,28,14,35.71,-4.65,-0.33,32.15,-0.1199
iter3_tp30sl15,ETH,1h,candle_pattern,True,0.03,0.015,77,29,27.59,-55.65,-1.92,83.26,-1.0802
iter3_tp30sl15,ETH,4h,macd_cross,True,0.03,0.015,1,1,100.0,14.5,14.5,0.0,0.0
iter3_tp30sl15,ETH,4h,ema_cross,True,0.03,0.015,2,2,50.0,6.5,3.25,0.0,0.4086
iter3_tp30sl15,ETH,4h,bollinger_bounce,True,0.03,0.015,1,1,0.0,-8.0,-8.0,0.0,0.0
iter3_tp30sl15,ETH,4h,support_bounce,True,0.03,0.015,3,3,0.0,-24.0,-8.0,16.0,0.0
iter3_tp30sl15,ETH,4h,candle_pattern,True,0.03,0.015,12,6,33.33,-3.0,-0.5,17.5,-0.1155
iter3_tp40sl15,BTC,5m,rsi_oversold,True,0.04,0.015,34,15,53.33,-9.68,-0.65,22.72,-0.6431
iter3_tp40sl15,BTC,5m,macd_cross,True,0.04,0.015,489,212,37.26,-128.56,-0.61,168.38,-1.7915
iter3_tp40sl15,BTC,5m,ema_cross,True,0.04,0.015,292,157,39.49,-138.52,-0.88,147.48,-2.6714
iter3_tp40sl15,BTC,5m,bollinger_bounce,True,0.04,0.015,219,115,40.0,-78.3,-0.68,108.85,-1.5817
iter3_tp40sl15,BTC,5m,support_bounce,True,0.04,0.015,3427,269,35.32,-236.49,-0.88,279.49,-3.2839
iter3_tp40sl15,BTC,5m,candle_pattern,True,0.04,0.015,1665,277,35.74,-235.57,-0.85,270.03,-3.02
iter3_tp40sl15,BTC,15m,rsi_oversold,True,0.04,0.015,2,2,50.0,-2.0,-1.0,0.0,-0.3229
iter3_tp40sl15,BTC,15m,macd_cross,True,0.04,0.015,138,67,35.82,-117.84,-1.76,112.43,-2.2594
iter3_tp40sl15,BTC,15m,ema_cross,True,0.04,0.015,86,48,43.75,-48.24,-1.01,47.81,-1.0704
iter3_tp40sl15,BTC,15m,bollinger_bounce,True,0.04,0.015,55,31,58.06,42.27,1.36,16.0,1.1592
iter3_tp40sl15,BTC,15m,support_bounce,True,0.04,0.015,538,72,34.72,-75.82,-1.05,86.24,-1.2622
iter3_tp40sl15,BTC,15m,candle_pattern,True,0.04,0.015,449,91,31.87,-169.54,-1.86,168.3,-2.6461
iter3_tp40sl15,BTC,1h,rsi_oversold,True,0.04,0.015,1,1,0.0,-8.0,-8.0,0.0,0.0
iter3_tp40sl15,BTC,1h,macd_cross,True,0.04,0.015,29,18,22.22,-57.83,-3.21,55.55,-1.7199
iter3_tp40sl15,BTC,1h,ema_cross,True,0.04,0.015,17,13,23.08,-48.13,-3.7,40.13,-1.545
iter3_tp40sl15,BTC,1h,bollinger_bounce,True,0.04,0.015,7,5,20.0,-7.37,-1.47,18.87,-0.3088
iter3_tp40sl15,BTC,1h,support_bounce,True,0.04,0.015,47,14,21.43,-44.18,-3.16,42.87,-1.4465
iter3_tp40sl15,BTC,1h,candle_pattern,True,0.04,0.015,77,23,21.74,-79.13,-3.44,71.13,-2.146
iter3_tp40sl15,BTC,4h,macd_cross,True,0.04,0.015,1,1,100.0,19.5,19.5,0.0,0.0
iter3_tp40sl15,BTC,4h,ema_cross,True,0.04,0.015,1,1,0.0,-8.0,-8.0,0.0,0.0
iter3_tp40sl15,BTC,4h,bollinger_bounce,True,0.04,0.015,1,1,0.0,-8.0,-8.0,0.0,0.0
iter3_tp40sl15,BTC,4h,support_bounce,True,0.04,0.015,4,3,33.33,3.5,1.17,8.0,0.1559
iter3_tp40sl15,BTC,4h,candle_pattern,True,0.04,0.015,17,5,20.0,-12.5,-2.5,24.0,-0.5082
iter3_tp40sl15,ETH,5m,rsi_oversold,True,0.04,0.015,40,24,45.83,-22.99,-0.96,35.67,-1.1651
iter3_tp40sl15,ETH,5m,macd_cross,True,0.04,0.015,496,218,42.66,-80.61,-0.37,168.3,-0.8806
iter3_tp40sl15,ETH,5m,ema_cross,True,0.04,0.015,324,190,41.05,-147.78,-0.78,158.32,-1.8238
iter3_tp40sl15,ETH,5m,bollinger_bounce,True,0.04,0.015,204,120,40.0,-131.76,-1.1,152.08,-1.9729
iter3_tp40sl15,ETH,5m,support_bounce,True,0.04,0.015,2945,275,41.82,-162.92,-0.59,225.68,-1.6796
iter3_tp40sl15,ETH,5m,candle_pattern,True,0.04,0.015,1599,301,40.2,-215.38,-0.72,304.71,-2.0818
iter3_tp40sl15,ETH,15m,rsi_oversold,True,0.04,0.015,16,7,42.86,-13.71,-1.96,16.0,-0.7284
iter3_tp40sl15,ETH,15m,macd_cross,True,0.04,0.015,149,65,46.15,-13.21,-0.2,37.79,-0.2164
iter3_tp40sl15,ETH,15m,ema_cross,True,0.04,0.015,99,55,36.36,-70.62,-1.28,91.47,-1.4261
iter3_tp40sl15,ETH,15m,bollinger_bounce,True,0.04,0.015,58,35,51.43,-28.53,-0.82,51.91,-0.8023
iter3_tp40sl15,ETH,15m,support_bounce,True,0.04,0.015,485,76,46.05,-104.57,-1.38,97.38,-1.6765
iter3_tp40sl15,ETH,15m,candle_pattern,True,0.04,0.015,476,97,36.08,-114.48,-1.18,125.9,-1.4843
iter3_tp40sl15,ETH,1h,rsi_oversold,True,0.04,0.015,3,2,0.0,-16.0,-8.0,8.0,0.0
iter3_tp40sl15,ETH,1h,macd_cross,True,0.04,0.015,26,18,16.67,-67.99,-3.78,59.99,-1.7821
iter3_tp40sl15,ETH,1h,ema_cross,True,0.04,0.015,8,7,28.57,-20.16,-2.88,24.0,-0.7954
iter3_tp40sl15,ETH,1h,bollinger_bounce,True,0.04,0.015,6,6,16.67,-30.65,-5.11,22.65,-1.9348
iter3_tp40sl15,ETH,1h,support_bounce,True,0.04,0.015,28,14,28.57,-12.15,-0.87,35.15,-0.2818
iter3_tp40sl15,ETH,1h,candle_pattern,True,0.04,0.015,77,28,17.86,-106.46,-3.8,100.76,-2.2852
iter3_tp40sl15,ETH,4h,macd_cross,True,0.04,0.015,1,1,100.0,19.5,19.5,0.0,0.0
iter3_tp40sl15,ETH,4h,ema_cross,True,0.04,0.015,2,2,50.0,11.5,5.75,0.0,0.5914
iter3_tp40sl15,ETH,4h,bollinger_bounce,True,0.04,0.015,1,1,0.0,-8.0,-8.0,0.0,0.0
iter3_tp40sl15,ETH,4h,support_bounce,True,0.04,0.015,3,3,0.0,-24.0,-8.0,16.0,0.0
iter3_tp40sl15,ETH,4h,candle_pattern,True,0.04,0.015,12,5,40.0,15.0,3.0,16.0,0.4979
iter3_tp50sl20,BTC,5m,rsi_oversold,True,0.05,0.02,34,15,60.0,-1.55,-0.1,18.73,-0.104
iter3_tp50sl20,BTC,5m,macd_cross,True,0.05,0.02,489,210,36.67,-130.57,-0.62,168.11,-1.7754
iter3_tp50sl20,BTC,5m,ema_cross,True,0.05,0.02,292,155,39.35,-138.19,-0.89,147.15,-2.6448
iter3_tp50sl20,BTC,5m,bollinger_bounce,True,0.05,0.02,219,115,40.0,-81.46,-0.71,116.85,-1.5336
iter3_tp50sl20,BTC,5m,support_bounce,True,0.05,0.02,3427,265,35.09,-247.67,-0.93,286.38,-3.424
iter3_tp50sl20,BTC,5m,candle_pattern,True,0.05,0.02,1665,273,35.9,-244.93,-0.9,272.95,-3.0948
iter3_tp50sl20,BTC,15m,rsi_oversold,True,0.05,0.02,2,2,50.0,-2.0,-1.0,0.0,-0.3229
iter3_tp50sl20,BTC,15m,macd_cross,True,0.05,0.02,138,66,37.88,-139.04,-2.11,131.93,-2.5381
iter3_tp50sl20,BTC,15m,ema_cross,True,0.05,0.02,86,47,44.68,-56.09,-1.19,55.66,-1.2992
iter3_tp50sl20,BTC,15m,bollinger_bounce,True,0.05,0.02,55,31,64.52,56.4,1.82,16.56,1.4237
iter3_tp50sl20,BTC,15m,support_bounce,True,0.05,0.02,538,71,36.62,-81.33,-1.15,94.25,-1.262
iter3_tp50sl20,BTC,15m,candle_pattern,True,0.05,0.02,449,88,34.09,-175.11,-1.99,182.08,-2.6211
iter3_tp50sl20,BTC,1h,rsi_oversold,True,0.05,0.02,1,1,0.0,-10.5,-10.5,0.0,0.0
iter3_tp50sl20,BTC,1h,macd_cross,True,0.05,0.02,29,17,29.41,-51.46,-3.03,62.26,-1.2865
iter3_tp50sl20,BTC,1h,ema_cross,True,0.05,0.02,17,12,25.0,-48.25,-4.02,37.88,-1.3015
iter3_tp50sl20,BTC,1h,bollinger_bounce,True,0.05,0.02,7,5,20.0,-9.87,-1.97,23.87,-0.3255
iter3_tp50sl20,BTC,1h,support_bounce,True,0.05,0.02,47,14,28.57,-57.33,-4.09,51.02,-1.4963
iter3_tp50sl20,BTC,1h,candle_pattern,True,0.05,0.02,77,20,35.0,-81.97,-4.1,71.47,-2.2569
iter3_tp50sl20,BTC,4h,macd_cross,True,0.05,0.02,1,1,100.0,24.5,24.5,0.0,0.0
iter3_tp50sl20,BTC,4h,ema_cross,True,0.05,0.02,1,1,100.0,24.5,24.5,0.0,0.0
iter3_tp50sl20,BTC,4h,bollinger_bounce,True,0.05,0.02,1,1,0.0,-10.5,-10.5,0.0,0.0
iter3_tp50sl20,BTC,4h,support_bounce,True,0.05,0.02,4,3,33.33,3.5,1.17,10.5,0.1225
iter3_tp50sl20,BTC,4h,candle_pattern,True,0.05,0.02,17,5,20.0,-17.5,-3.5,31.5,-0.559
iter3_tp50sl20,ETH,5m,rsi_oversold,True,0.05,0.02,40,24,45.83,-32.99,-1.37,45.67,-1.4054
iter3_tp50sl20,ETH,5m,macd_cross,True,0.05,0.02,496,214,42.99,-32.84,-0.15,122.81,-0.3386
iter3_tp50sl20,ETH,5m,ema_cross,True,0.05,0.02,324,186,42.47,-142.97,-0.77,153.51,-1.7045
iter3_tp50sl20,ETH,5m,bollinger_bounce,True,0.05,0.02,204,116,40.52,-130.42,-1.12,150.74,-1.816
iter3_tp50sl20,ETH,5m,support_bounce,True,0.05,0.02,2945,267,42.7,-181.06,-0.68,232.65,-1.8478
iter3_tp50sl20,ETH,5m,candle_pattern,True,0.05,0.02,1599,291,40.55,-223.05,-0.77,289.39,-2.0772
iter3_tp50sl20,ETH,15m,rsi_oversold,True,0.05,0.02,16,7,42.86,-23.71,-3.39,21.0,-1.0757
iter3_tp50sl20,ETH,15m,macd_cross,True,0.05,0.02,149,63,46.03,-35.49,-0.56,48.25,-0.5307
iter3_tp50sl20,ETH,15m,ema_cross,True,0.05,0.02,99,54,38.89,-71.06,-1.32,86.91,-1.2477
iter3_tp50sl20,ETH,15m,bollinger_bounce,True,0.05,0.02,58,34,55.88,-32.54,-0.96,57.32,-0.8379
iter3_tp50sl20,ETH,15m,support_bounce,True,0.05,0.02,485,73,47.95,-96.91,-1.33,91.55,-1.3327
iter3_tp50sl20,ETH,15m,candle_pattern,True,0.05,0.02,476,88,37.5,-92.34,-1.05,109.57,-1.0866
iter3_tp50sl20,ETH,1h,rsi_oversold,True,0.05,0.02,3,2,0.0,-21.0,-10.5,10.5,0.0
iter3_tp50sl20,ETH,1h,macd_cross,True,0.05,0.02,26,16,25.0,-74.83,-4.68,64.33,-1.7993
iter3_tp50sl20,ETH,1h,ema_cross,True,0.05,0.02,8,7,28.57,-27.66,-3.95,31.5,-0.8567
iter3_tp50sl20,ETH,1h,bollinger_bounce,True,0.05,0.02,6,6,16.67,-43.15,-7.19,32.65,-2.3809
iter3_tp50sl20,ETH,1h,support_bounce,True,0.05,0.02,28,14,21.43,-34.16,-2.44,62.16,-0.6425
iter3_tp50sl20,ETH,1h,candle_pattern,True,0.05,0.02,77,23,26.09,-92.54,-4.02,82.04,-1.7768
iter3_tp50sl20,ETH,4h,macd_cross,True,0.05,0.02,1,1,100.0,24.5,24.5,0.0,0.0
iter3_tp50sl20,ETH,4h,ema_cross,True,0.05,0.02,2,2,50.0,14.0,7.0,0.0,0.5657
iter3_tp50sl20,ETH,4h,bollinger_bounce,True,0.05,0.02,1,1,0.0,-10.5,-10.5,0.0,0.0
iter3_tp50sl20,ETH,4h,support_bounce,True,0.05,0.02,3,3,33.33,3.5,1.17,10.5,0.1225
iter3_tp50sl20,ETH,4h,candle_pattern,True,0.05,0.02,12,4,50.0,28.0,7.0,21.0,0.8
iter4_combined_best,BTC,5m,rsi_oversold,True,0.05,0.02,34,15,60.0,-1.55,-0.1,18.73,-0.104
iter4_combined_best,BTC,5m,macd_cross,True,0.05,0.02,489,210,36.67,-130.57,-0.62,168.11,-1.7754
iter4_combined_best,BTC,5m,ema_cross,True,0.05,0.02,292,155,39.35,-138.19,-0.89,147.15,-2.6448
iter4_combined_best,BTC,5m,bollinger_bounce,True,0.05,0.02,219,115,40.0,-81.46,-0.71,116.85,-1.5336
iter4_combined_best,BTC,5m,support_bounce,True,0.05,0.02,3427,265,35.09,-247.67,-0.93,286.38,-3.424
iter4_combined_best,BTC,5m,candle_pattern,True,0.05,0.02,1665,273,35.9,-244.93,-0.9,272.95,-3.0948
iter4_combined_best,BTC,5m,rsi_oversold+bollinger_bounce,True,0.05,0.02,4,4,100.0,10.97,2.74,0.0,5.0002
iter4_combined_best,BTC,5m,rsi_oversold+support_bounce,True,0.05,0.02,5,5,100.0,14.69,2.94,0.0,6.2214
iter4_combined_best,BTC,5m,macd_cross+ema_cross,True,0.05,0.02,47,40,37.5,-42.94,-1.07,56.54,-1.2387
iter4_combined_best,BTC,5m,macd_cross+bollinger_bounce,True,0.05,0.02,2,2,50.0,-4.3,-2.15,0.0,-0.4333
iter4_combined_best,BTC,5m,macd_cross+support_bounce,True,0.05,0.02,286,150,38.67,-131.67,-0.88,139.17,-2.4583
iter4_combined_best,BTC,5m,macd_cross+candle_pattern,True,0.05,0.02,91,75,37.33,-98.05,-1.31,110.59,-2.2945
iter4_combined_best,BTC,5m,ema_cross+bollinger_bounce,True,0.05,0.02,2,2,50.0,-7.78,-3.89,0.0,-1.0428
iter4_combined_best,BTC,5m,ema_cross+support_bounce,True,0.05,0.02,168,101,38.61,-51.03,-0.51,66.28,-1.1855
iter4_combined_best,BTC,5m,ema_cross+candle_pattern,True,0.05,0.02,59,50,36.0,-82.46,-1.65,87.63,-2.5862
iter4_combined_best,BTC,5m,bollinger_bounce+support_bounce,True,0.05,0.02,199,109,39.45,-89.92,-0.82,125.32,-1.6945
iter4_combined_best,BTC,5m,bollinger_bounce+candle_pattern,True,0.05,0.02,47,40,32.5,-44.49,-1.11,53.84,-1.2012
iter4_combined_best,BTC,5m,support_bounce+candle_pattern,True,0.05,0.02,765,204,33.82,-242.71,-1.19,254.86,-4.0621
iter4_combined_best,BTC,15m,rsi_oversold,True,0.05,0.02,2,2,50.0,-2.0,-1.0,0.0,-0.3229
iter4_combined_best,BTC,15m,macd_cross,True,0.05,0.02,138,66,37.88,-139.04,-2.11,131.93,-2.5381
iter4_combined_best,BTC,15m,ema_cross,True,0.05,0.02,86,47,44.68,-56.09,-1.19,55.66,-1.2992
iter4_combined_best,BTC,15m,bollinger_bounce,True,0.05,0.02,55,31,64.52,56.4,1.82,16.56,1.4237
iter4_combined_best,BTC,15m,support_bounce,True,0.05,0.02,538,71,36.62,-81.33,-1.15,94.25,-1.262
iter4_combined_best,BTC,15m,candle_pattern,True,0.05,0.02,449,88,34.09,-175.11,-1.99,182.08,-2.6211
iter4_combined_best,BTC,15m,macd_cross+ema_cross,True,0.05,0.02,11,10,40.0,-1.45,-0.14,19.71,-0.0618
iter4_combined_best,BTC,15m,macd_cross+support_bounce,True,0.05,0.02,38,27,37.04,-44.37,-1.64,36.68,-1.4626
iter4_combined_best,BTC,15m,macd_cross+candle_pattern,True,0.05,0.02,31,28,28.57,-111.14,-3.97,100.64,-3.3387
iter4_combined_best,BTC,15m,ema_cross+support_bounce,True,0.05,0.02,23,21,42.86,-2.46,-0.12,25.08,-0.0767
iter4_combined_best,BTC,15m,ema_cross+candle_pattern,True,0.05,0.02,12,11,45.45,-12.26,-1.11,20.38,-0.5581
iter4_combined_best,BTC,15m,bollinger_bounce+support_bounce,True,0.05,0.02,47,28,60.71,19.96,0.71,18.74,0.6443
iter4_combined_best,BTC,15m,bollinger_bounce+candle_pattern,True,0.05,0.02,17,16,56.25,9.62,0.6,18.55,0.3643
iter4_combined_best,BTC,15m,support_bounce+candle_pattern,True,0.05,0.02,135,46,30.43,-78.46,-1.71,68.45,-1.5906
iter4_combined_best,BTC,1h,rsi_oversold,True,0.05,0.02,1,1,0.0,-10.5,-10.5,0.0,0.0
iter4_combined_best,BTC,1h,macd_cross,True,0.05,0.02,29,17,29.41,-51.46,-3.03,62.26,-1.2865
iter4_combined_best,BTC,1h,ema_cross,True,0.05,0.02,17,12,25.0,-48.25,-4.02,37.88,-1.3015
iter4_combined_best,BTC,1h,bollinger_bounce,True,0.05,0.02,7,5,20.0,-9.87,-1.97,23.87,-0.3255
iter4_combined_best,BTC,1h,support_bounce,True,0.05,0.02,47,14,28.57,-57.33,-4.09,51.02,-1.4963
iter4_combined_best,BTC,1h,candle_pattern,True,0.05,0.02,77,20,35.0,-81.97,-4.1,71.47,-2.2569
iter4_combined_best,BTC,1h,macd_cross+ema_cross,True,0.05,0.02,3,3,66.67,15.09,5.03,0.0,0.5984
iter4_combined_best,BTC,1h,macd_cross+support_bounce,True,0.05,0.02,6,5,40.0,3.16,0.63,10.5,0.1103
iter4_combined_best,BTC,1h,macd_cross+candle_pattern,True,0.05,0.02,5,4,25.0,6.65,1.66,13.26,0.2975
iter4_combined_best,BTC,1h,ema_cross+bollinger_bounce,True,0.05,0.02,1,1,100.0,24.5,24.5,0.0,0.0
iter4_combined_best,BTC,1h,ema_cross+support_bounce,True,0.05,0.02,5,5,40.0,0.42,0.08,10.5,0.0144
iter4_combined_best,BTC,1h,ema_cross+candle_pattern,True,0.05,0.02,2,2,50.0,19.26,9.63,0.0,0.9156
iter4_combined_best,BTC,1h,bollinger_bounce+support_bounce,True,0.05,0.02,6,5,20.0,-9.87,-1.97,23.87,-0.3255
iter4_combined_best,BTC,1h,bollinger_bounce+candle_pattern,True,0.05,0.02,1,1,100.0,24.5,24.5,0.0,0.0
iter4_combined_best,BTC,1h,support_bounce+candle_pattern,True,0.05,0.02,6,6,33.33,8.88,1.48,24.13,0.2929
iter4_combined_best,BTC,4h,macd_cross,True,0.05,0.02,1,1,100.0,24.5,24.5,0.0,0.0
iter4_combined_best,BTC,4h,ema_cross,True,0.05,0.02,1,1,100.0,24.5,24.5,0.0,0.0
iter4_combined_best,BTC,4h,bollinger_bounce,True,0.05,0.02,1,1,0.0,-10.5,-10.5,0.0,0.0
iter4_combined_best,BTC,4h,support_bounce,True,0.05,0.02,4,3,33.33,3.5,1.17,10.5,0.1225
iter4_combined_best,BTC,4h,candle_pattern,True,0.05,0.02,17,5,20.0,-17.5,-3.5,31.5,-0.559
iter4_combined_best,BTC,4h,support_bounce+candle_pattern,True,0.05,0.02,3,2,0.0,-21.0,-10.5,10.5,0.0
iter4_combined_best,ETH,5m,rsi_oversold,True,0.05,0.02,40,24,45.83,-32.99,-1.37,45.67,-1.4054
iter4_combined_best,ETH,5m,macd_cross,True,0.05,0.02,496,214,42.99,-32.84,-0.15,122.81,-0.3386
iter4_combined_best,ETH,5m,ema_cross,True,0.05,0.02,324,186,42.47,-142.97,-0.77,153.51,-1.7045
iter4_combined_best,ETH,5m,bollinger_bounce,True,0.05,0.02,204,116,40.52,-130.42,-1.12,150.74,-1.816
iter4_combined_best,ETH,5m,support_bounce,True,0.05,0.02,2945,267,42.7,-181.06,-0.68,232.65,-1.8478
iter4_combined_best,ETH,5m,candle_pattern,True,0.05,0.02,1599,291,40.55,-223.05,-0.77,289.39,-2.0772
iter4_combined_best,ETH,5m,rsi_oversold+bollinger_bounce,True,0.05,0.02,3,3,66.67,12.87,4.29,0.0,1.937
iter4_combined_best,ETH,5m,rsi_oversold+support_bounce,True,0.05,0.02,5,5,60.0,3.71,0.74,1.13,0.2566
iter4_combined_best,ETH,5m,macd_cross+ema_cross,True,0.05,0.02,60,48,41.67,5.97,0.12,36.7,0.1233
iter4_combined_best,ETH,5m,macd_cross+bollinger_bounce,True,0.05,0.02,2,2,50.0,-3.91,-1.95,0.0,-0.3233
iter4_combined_best,ETH,5m,macd_cross+support_bounce,True,0.05,0.02,227,123,41.46,-72.56,-0.59,130.19,-1.1834
iter4_combined_best,ETH,5m,macd_cross+candle_pattern,True,0.05,0.02,82,63,58.73,44.54,0.71,41.18,0.8929
iter4_combined_best,ETH,5m,ema_cross+bollinger_bounce,True,0.05,0.02,3,3,0.0,-31.5,-10.5,21.0,0.0
iter4_combined_best,ETH,5m,ema_cross+support_bounce,True,0.05,0.02,133,97,38.14,-84.24,-0.87,88.7,-1.4844
iter4_combined_best,ETH,5m,ema_cross+candle_pattern,True,0.05,0.02,58,52,36.54,-112.05,-2.15,120.62,-3.1209
iter4_combined_best,ETH,5m,bollinger_bounce+support_bounce,True,0.05,0.02,198,114,39.47,-130.32,-1.14,148.42,-1.8211
iter4_combined_best,ETH,5m,bollinger_bounce+candle_pattern,True,0.05,0.02,44,40,42.5,-33.57,-0.84,51.24,-0.7241
iter4_combined_best,ETH,5m,support_bounce+candle_pattern,True,0.05,0.02,635,184,43.48,-138.36,-0.75,162.02,-1.7634
iter4_combined_best,ETH,15m,rsi_oversold,True,0.05,0.02,16,7,42.86,-23.71,-3.39,21.0,-1.0757
iter4_combined_best,ETH,15m,macd_cross,True,0.05,0.02,149,63,46.03,-35.49,-0.56,48.25,-0.5307
iter4_combined_best,ETH,15m,ema_cross,True,0.05,0.02,99,54,38.89,-71.06,-1.32,86.91,-1.2477
iter4_combined_best,ETH,15m,bollinger_bounce,True,0.05,0.02,58,34,55.88,-32.54,-0.96,57.32,-0.8379
iter4_combined_best,ETH,15m,support_bounce,True,0.05,0.02,485,73,47.95,-96.91,-1.33,91.55,-1.3327
iter4_combined_best,ETH,15m,candle_pattern,True,0.05,0.02,476,88,37.5,-92.34,-1.05,109.57,-1.0866
iter4_combined_best,ETH,15m,rsi_oversold+bollinger_bounce,True,0.05,0.02,2,2,50.0,-6.54,-3.27,0.0,-0.6391
iter4_combined_best,ETH,15m,rsi_oversold+support_bounce,True,0.05,0.02,1,1,100.0,3.96,3.96,0.0,0.0
iter4_combined_best,ETH,15m,rsi_oversold+candle_pattern,True,0.05,0.02,1,1,0.0,-5.92,-5.92,0.0,0.0
iter4_combined_best,ETH,15m,macd_cross+ema_cross,True,0.05,0.02,13,12,58.33,3.11,0.26,12.58,0.1363
iter4_combined_best,ETH,15m,macd_cross+support_bounce,True,0.05,0.02,39,24,45.83,5.23,0.22,21.0,0.1169
iter4_combined_best,ETH,15m,macd_cross+candle_pattern,True,0.05,0.02,25,21,52.38,-10.94,-0.52,26.03,-0.2671
iter4_combined_best,ETH,15m,ema_cross+support_bounce,True,0.05,0.02,20,13,38.46,-36.36,-2.8,31.57,-1.6826
iter4_combined_best,ETH,15m,ema_cross+candle_pattern,True,0.05,0.02,26,23,21.74,-75.63,-3.29,87.74,-1.7796
iter4_combined_best,ETH,15m,bollinger_bounce+support_bounce,True,0.05,0.02,51,32,59.38,-11.34,-0.35,54.41,-0.3125
iter4_combined_best,ETH,15m,bollinger_bounce+candle_pattern,True,0.05,0.02,13,9,33.33,-14.82,-1.65,23.37,-0.7309
iter4_combined_best,ETH,15m,support_bounce+candle_pattern,True,0.05,0.02,108,48,41.67,-59.29,-1.24,54.62,-0.981
iter4_combined_best,ETH,1h,rsi_oversold,True,0.05,0.02,3,2,0.0,-21.0,-10.5,10.5,0.0
iter4_combined_best,ETH,1h,macd_cross,True,0.05,0.02,26,16,25.0,-74.83,-4.68,64.33,-1.7993
iter4_combined_best,ETH,1h,ema_cross,True,0.05,0.02,8,7,28.57,-27.66,-3.95,31.5,-0.8567
iter4_combined_best,ETH,1h,bollinger_bounce,True,0.05,0.02,6,6,16.67,-43.15,-7.19,32.65,-2.3809
iter4_combined_best,ETH,1h,support_bounce,True,0.05,0.02,28,14,21.43,-34.16,-2.44,62.16,-0.6425
iter4_combined_best,ETH,1h,candle_pattern,True,0.05,0.02,77,23,26.09,-92.54,-4.02,82.04,-1.7768
iter4_combined_best,ETH,1h,macd_cross+support_bounce,True,0.05,0.02,1,1,0.0,-10.5,-10.5,0.0,0.0
iter4_combined_best,ETH,1h,macd_cross+candle_pattern,True,0.05,0.02,4,4,0.0,-42.0,-10.5,31.5,0.0
iter4_combined_best,ETH,1h,ema_cross+candle_pattern,True,0.05,0.02,1,1,0.0,-10.5,-10.5,0.0,0.0
iter4_combined_best,ETH,1h,bollinger_bounce+support_bounce,True,0.05,0.02,4,4,25.0,-22.15,-5.54,21.0,-1.2882
iter4_combined_best,ETH,1h,bollinger_bounce+candle_pattern,True,0.05,0.02,2,2,0.0,-21.0,-10.5,10.5,0.0
iter4_combined_best,ETH,1h,support_bounce+candle_pattern,True,0.05,0.02,7,6,33.33,17.24,2.87,10.76,0.4478
iter4_combined_best,ETH,4h,macd_cross,True,0.05,0.02,1,1,100.0,24.5,24.5,0.0,0.0
iter4_combined_best,ETH,4h,ema_cross,True,0.05,0.02,2,2,50.0,14.0,7.0,0.0,0.5657
iter4_combined_best,ETH,4h,bollinger_bounce,True,0.05,0.02,1,1,0.0,-10.5,-10.5,0.0,0.0
iter4_combined_best,ETH,4h,support_bounce,True,0.05,0.02,3,3,33.33,3.5,1.17,10.5,0.1225
iter4_combined_best,ETH,4h,candle_pattern,True,0.05,0.02,12,4,50.0,28.0,7.0,21.0,0.8
iter4_combined_best,ETH,4h,ema_cross+candle_pattern,True,0.05,0.02,1,1,0.0,-10.5,-10.5,0.0,0.0
iter4_combined_best,ETH,4h,bollinger_bounce+support_bounce,True,0.05,0.02,1,1,0.0,-10.5,-10.5,0.0,0.0
iter4_combined_best,ETH,4h,bollinger_bounce+candle_pattern,True,0.05,0.02,1,1,0.0,-10.5,-10.5,0.0,0.0
iter4_combined_best,ETH,4h,support_bounce+candle_pattern,True,0.05,0.02,1,1,0.0,-10.5,-10.5,0.0,0.0
